game_id,winner,placement,snake_id,snake_name,turns_survived,start_length,max_length,final_length,final_health,alive_at_end,survival_score,growth_score,performance_score
bf5da1f1-5ed7-4243-bf51-6947feacf042,,1,bbe045b2-5643-40f0-b125-df7de7be9df3,Snake1,15,3,5,5,98,0,0.8824,0.4,0.7859
b38eb5b2-649b-4507-9daa-a4a68a32a6bf,,1,dcccfe91-4bae-4029-ace1-973b2a30364b,Snake1,7,3,3,3,94,0,0.7778,0.0,0.6222
21a6cc4b-ce42-47a2-b43b-d6294fa3c40c,,1,ff3022c6-f34f-41a7-a08f-b1b7c85c457f,Snake1,20,3,5,5,94,0,0.9091,0.4,0.8073
3e01c4dc-e4ff-4571-8b77-ef667a2f8454,,1,700a0bb6-2577-4e3a-817a-cf4d468537b0,Snake1,20,3,3,3,81,0,0.9091,0.0,0.7273
7a21092e-09b8-4382-9a14-e24ae906922a,,1,2692be16-1792-467e-ab11-a821c2aadbaf,Snake1,55,3,6,6,68,0,0.9649,0.6,0.8919
a35ae378-5237-4058-a65f-975690a8b46b,Dawg,1,e7255f77-34bc-44b1-bf2c-9e893b8aba71,Dawg,7,3,3,3,95,1,1.0,0.0,0.8
a35ae378-5237-4058-a65f-975690a8b46b,Dawg,2,ab8521c0-cf79-4617-b41e-e1faf7946100,Snake2,5,3,3,3,96,0,0.7143,0.0,0.5714
a35ae378-5237-4058-a65f-975690a8b46b,Dawg,3,da1ab578-0e9d-491b-b3b2-09ab45fc7e3d,Snake3,2,3,3,3,99,0,0.2857,0.0,0.2286
a35ae378-5237-4058-a65f-975690a8b46b,Dawg,1,e7255f77-34bc-44b1-bf2c-9e893b8aba71,Dawg,7,3,3,3,95,1,1.0,0.0,0.8
a35ae378-5237-4058-a65f-975690a8b46b,Dawg,2,ab8521c0-cf79-4617-b41e-e1faf7946100,Snake2,5,3,3,3,96,0,0.7143,0.0,0.5714
a35ae378-5237-4058-a65f-975690a8b46b,Dawg,3,da1ab578-0e9d-491b-b3b2-09ab45fc7e3d,Snake3,2,3,3,3,99,0,0.2857,0.0,0.2286
a35ae378-5237-4058-a65f-975690a8b46b,Dawg,1,e7255f77-34bc-44b1-bf2c-9e893b8aba71,Dawg,7,3,3,3,95,1,1.0,0.0,0.8
a35ae378-5237-4058-a65f-975690a8b46b,Dawg,2,ab8521c0-cf79-4617-b41e-e1faf7946100,Snake2,2,3,3,3,99,0,0.2857,0.0,0.2286
a35ae378-5237-4058-a65f-975690a8b46b,Dawg,3,da1ab578-0e9d-491b-b3b2-09ab45fc7e3d,Snake3,2,3,3,3,99,0,0.2857,0.0,0.2286
6959f97a-0279-4cda-8733-08c09bca2a1a,Dawg,1,52274a04-b8f0-4807-b1c3-9c4ffe08a953,Dawg,48,3,5,5,60,1,1.0,0.4,0.88
6959f97a-0279-4cda-8733-08c09bca2a1a,Dawg,2,cd8e5d25-a9b2-445d-bd11-cb2f37a53521,Snake3,46,3,3,3,13,0,0.9583,0.0,0.7667
6959f97a-0279-4cda-8733-08c09bca2a1a,Dawg,3,933f9f9e-6afd-4ac7-85f5-d2da34d92f6c,Snake2,41,3,4,4,83,0,0.8542,0.2,0.7233
6959f97a-0279-4cda-8733-08c09bca2a1a,Dawg,1,52274a04-b8f0-4807-b1c3-9c4ffe08a953,Dawg,48,3,5,5,60,1,1.0,0.4,0.88
6959f97a-0279-4cda-8733-08c09bca2a1a,Dawg,2,933f9f9e-6afd-4ac7-85f5-d2da34d92f6c,Snake2,41,3,4,4,83,0,0.8542,0.2,0.7233
6959f97a-0279-4cda-8733-08c09bca2a1a,Dawg,3,cd8e5d25-a9b2-445d-bd11-cb2f37a53521,Snake3,41,3,3,3,18,0,0.8542,0.0,0.6833
6959f97a-0279-4cda-8733-08c09bca2a1a,Dawg,1,52274a04-b8f0-4807-b1c3-9c4ffe08a953,Dawg,48,3,5,5,60,1,1.0,0.4,0.88
6959f97a-0279-4cda-8733-08c09bca2a1a,Dawg,2,cd8e5d25-a9b2-445d-bd11-cb2f37a53521,Snake3,46,3,3,3,13,0,0.9583,0.0,0.7667
6959f97a-0279-4cda-8733-08c09bca2a1a,Dawg,3,933f9f9e-6afd-4ac7-85f5-d2da34d92f6c,Snake2,41,3,4,4,83,0,0.8542,0.2,0.7233
fab29e0b-7738-4249-ad07-13046bb4ec3f,Dawg,1,27ec9221-8ff8-4d88-9cc2-59e143b58827,Dawg,4,3,3,3,98,1,1.0,0.0,0.8
fab29e0b-7738-4249-ad07-13046bb4ec3f,Dawg,2,bac7890e-e62e-4254-b5d2-35d4e31bef70,Snake2,2,3,3,3,99,0,0.5,0.0,0.4
fab29e0b-7738-4249-ad07-13046bb4ec3f,Dawg,1,27ec9221-8ff8-4d88-9cc2-59e143b58827,Dawg,4,3,3,3,98,1,1.0,0.0,0.8
fab29e0b-7738-4249-ad07-13046bb4ec3f,Dawg,2,bac7890e-e62e-4254-b5d2-35d4e31bef70,Snake2,2,3,3,3,99,0,0.5,0.0,0.4
ce8d812d-dd35-4250-9332-43e230f5383c,,1,3c3927e6-0dd6-44da-8b96-dc1f578f23a2,Dawg,10,3,3,3,91,0,0.8333,0.0,0.6667
23be40fb-d6aa-4aa9-9a9d-7795082f30f3,,1,ab1ed44b-684a-408b-864f-a972d9ad78ef,Dawg,10,3,3,3,91,0,0.8333,0.0,0.6667
da65a0ab-0c71-4347-8049-11c42d4082f0,,1,d67b1354-a0c4-4b8b-af43-8d6f674cde61,Dawg,10,3,3,3,91,0,0.8333,0.0,0.6667
8005da04-a2de-4ce8-9820-d412fa0d1f54,,1,0c422118-799c-4930-b178-97234b49c1a4,Dawg,10,3,3,3,91,0,0.8333,0.0,0.6667
763f66ad-523f-4589-9d1d-78e53f4a9e9e,,1,9949740a-af7f-4c90-87b9-b2c763f91e3b,Dawg,10,3,3,3,91,0,0.8333,0.0,0.6667
8c18d372-ca53-42e4-9717-ef524b11cf31,,1,6e3be648-7007-4b52-8259-a0ccdca361ca,Dawg,10,3,3,3,91,0,0.8333,0.0,0.6667
f7ee07c9-747f-4a26-a16c-c13537f5132b,,1,e9a58871-c6b5-4dd6-94b8-e7e6614ddae6,Dawg,10,3,3,3,91,0,0.8333,0.0,0.6667
89143a19-5284-4141-a1bf-12411afee215,,1,a58c9203-32ef-48fc-b153-42866aca5fc2,Dawg,10,3,3,3,91,0,0.8333,0.0,0.6667
5dee5a67-78b6-4521-a7b2-a5fa482a5624,,1,5ee91173-bff5-48ff-a13c-f721ffa41f66,Dawg,10,3,3,3,91,0,0.8333,0.0,0.6667
5e8aaffc-3a15-4be0-9a3a-39ff8c9bb54b,,1,e2972717-27db-4fc4-9089-37fd9eedb85e,Dawg,61,3,9,9,100,0,0.9683,1.0,0.9746
6edc0ed7-9ff9-4607-8d74-d7af0a9bb482,,1,6dd28ad2-76bc-436e-a556-1ecc54e732fc,Dawg,64,3,10,10,7,0,0.9697,1.0,0.9758
f7459bed-b508-4362-9040-d40d875a434d,,1,95870e47-b367-4d38-a5aa-fe0e1ee894a7,Dawg,84,3,13,13,22,0,0.9767,1.0,0.9814
d0c7bb93-c2a6-48ed-a31c-fabbf129ba92,,1,f828d7ae-5473-4aaf-a626-e415605e7742,Dawg,76,3,11,11,6,0,0.9744,1.0,0.9795
808a5de6-4a14-4366-916b-d0db3ad45262,,1,e96753fb-39a0-44c2-8b06-8cfa01ab69dc,Dawg,10,3,3,3,91,0,0.8333,0.0,0.6667
54c69c04-db18-48ed-968e-3b80f11eab99,,1,739cfe2e-f108-4564-963f-c7729abe483f,Dawg,10,3,3,3,91,0,0.8333,0.0,0.6667
c2120204-1f13-4d00-8d84-2acc0cb18168,,1,c66f8ece-6007-4ba9-acea-31365e3f580a,Dawg,10,3,3,3,91,0,0.8333,0.0,0.6667
49cc8603-f38a-47ad-95ae-dd86d9f1aae4,,1,874a593e-85cd-403d-94eb-201a0844c265,Dawg,10,3,3,3,91,0,0.8333,0.0,0.6667
c8674ada-d6d5-4915-a07a-5ba50d711beb,,1,6cbb4056-76d7-4243-8994-f7264a252eda,Dawg,84,3,6,6,43,0,0.9767,0.6,0.9014
adf18983-501c-4eb2-9fe6-009d3bacccbd,,1,571dea07-0399-4813-8e28-6d2a0428ed4f,Dawg,58,3,8,8,25,0,0.9667,1.0,0.9733
7ec8a117-5d87-4b80-8539-f2782c2a4a26,,1,5982675b-d290-4cd5-9cab-ff5727fdb130,Dawg,72,3,10,10,97,0,0.973,1.0,0.9784
83d0c453-578f-425d-a755-d0d4d7125cb5,,1,a5875819-9683-4bea-9f4e-54686faa1dfa,Dawg,10,3,3,3,91,0,0.8333,0.0,0.6667
19c66f2a-210d-4951-a3ad-c57cff3a050a,,1,6e2c7d6a-83bb-415d-96eb-fb2a6c45e05b,Dawg,10,3,3,3,91,0,0.8333,0.0,0.6667
ca4d2291-793c-4e49-8928-077deda1b033,,1,377abfa4-599b-47cb-951f-67cc6d4c44de,Dawg,2,3,3,3,99,0,0.5,0.0,0.4
e822d66e-841d-45f6-a9a5-55f5252a8fa0,,1,f29109c5-0ffc-4d66-8633-c63ac8476607,Dawg,2,3,3,3,99,0,0.5,0.0,0.4
26a72934-0158-43c8-a356-ef5308b89166,,1,35e57943-2c2f-4428-b7de-707b099cf1f5,Dawg,3,3,3,3,98,0,0.6,0.0,0.48
b8a9fafc-8ad9-48e6-b8bd-4363498615de,,1,e16a9936-3453-4db6-a225-01753af58f2d,Dawg,7,3,3,3,94,0,0.7778,0.0,0.6222
b1c30cfe-8eb1-44a2-87d5-5db47d735c1a,,1,13f96bf5-791a-4966-abea-e7f9e2b5eb1f,Dawg,5,3,4,4,98,0,0.7143,0.2,0.6114
abe13d12-5128-4ad7-a48a-005872d87a8b,,1,76534aa6-a3d7-4d7f-99cb-3468db20bd29,Dawg,3,3,3,3,98,0,0.6,0.0,0.48
025d24cd-5ea3-4481-b4f6-bcbce94fe249,,1,0c70c4ab-5f78-4094-8b55-80df61d50050,Dawg,3,3,4,4,100,0,0.6,0.2,0.52
f4f10c80-ae37-41f9-a5ac-0a155a75d7b3,,1,3125a7dc-6e11-4ba5-9eac-12bff937facc,Dawg,10,3,3,3,91,0,0.8333,0.0,0.6667
f89db884-10cf-40b2-9ffc-aeeae64ec5d2,,1,c8edb611-44b0-417e-9c95-22b3163ff6e3,Dawg,10,3,3,3,91,0,0.8333,0.0,0.6667
c7614c46-3314-44a5-a23b-45d63304f3a9,,1,55210217-5e6e-49f8-ab38-29a8e50f0d84,Dawg,10,3,3,3,91,0,0.8333,0.0,0.6667
7fb83fde-2d6a-4bca-a918-04776d18a03c,,1,5352bb25-6867-4854-9f09-0cd56a52d670,Dawg,10,3,3,3,91,0,0.8333,0.0,0.6667
43efaed8-854f-4649-940c-c262d3c4163b,,1,766eb11c-c9a4-462c-9f9d-c26fbc061b10,Dawg,10,3,3,3,91,0,0.8333,0.0,0.6667
c8c3f5f0-a418-4bc5-8551-49b95255348e,,1,4619fdf3-0e13-4bad-b7fc-0bbc1096461a,Dawg,10,3,3,3,91,0,0.8333,0.0,0.6667
3d3c9a3c-a2a6-4189-914b-54a9188f4bcc,,1,62dc08c8-0f64-4d1a-bf08-fe0215976fa3,Dawg,2,3,3,3,99,0,0.5,0.0,0.4
c5ea96ae-89d4-4988-9ea8-f3d97d5e8a31,,1,b28c0121-5b57-46f0-bbc3-4583c3196585,Dawg,3,3,3,3,98,0,0.6,0.0,0.48
474dbeb0-9865-46b5-94f2-e3c97533fcb5,,1,6b7b4439-10eb-4ba4-bc90-daf70ef348eb,Dawg,62,3,8,8,25,0,0.9688,1.0,0.975
b06a559e-0611-43db-8bb0-9b68d635b64f,,1,bcffbbfc-f231-4603-97a7-88b0e6865a6d,Dawg,60,3,6,6,13,0,0.9677,0.6,0.8942
0a9d4c30-d30c-4e4d-852d-8808b560fc21,,1,aba7880a-ac99-45f3-a98f-6927279d7c60,Dawg,56,3,9,9,9,0,0.9655,1.0,0.9724
31ebf2d7-eb4f-492d-a4fc-aa08dea5a667,Snake2,1,7f617902-ada3-4f90-8e5d-320458e375b5,Snake2,9,3,3,3,93,1,1.0,0.0,0.8
31ebf2d7-eb4f-492d-a4fc-aa08dea5a667,Snake2,2,135bf7a9-ca6d-44b6-b291-43f270394b05,Dawg,7,3,3,3,94,0,0.7778,0.0,0.6222
31ebf2d7-eb4f-492d-a4fc-aa08dea5a667,Snake2,1,7f617902-ada3-4f90-8e5d-320458e375b5,Snake2,9,3,3,3,93,1,1.0,0.0,0.8
31ebf2d7-eb4f-492d-a4fc-aa08dea5a667,Snake2,2,135bf7a9-ca6d-44b6-b291-43f270394b05,Dawg,7,3,3,3,94,0,0.7778,0.0,0.6222
925df877-02fd-4b97-bcee-7a2abb501a05,Snake2,1,62897da1-d591-44a6-956b-e9ccdfccfbe9,Snake2,9,3,3,3,93,1,1.0,0.0,0.8
925df877-02fd-4b97-bcee-7a2abb501a05,Snake2,2,5686d350-fbbe-44c4-be84-a36e302ac121,Dawg,7,3,3,3,94,0,0.7778,0.0,0.6222
925df877-02fd-4b97-bcee-7a2abb501a05,Snake2,1,62897da1-d591-44a6-956b-e9ccdfccfbe9,Snake2,9,3,3,3,93,1,1.0,0.0,0.8
925df877-02fd-4b97-bcee-7a2abb501a05,Snake2,2,5686d350-fbbe-44c4-be84-a36e302ac121,Dawg,7,3,3,3,94,0,0.7778,0.0,0.6222
c77a0f3d-fb8a-4fa1-a6a4-ca139ab24992,Snake2,1,186f2081-9da7-4e1c-bb6d-df81de4d2bd7,Snake2,9,3,3,3,93,1,1.0,0.0,0.8
c77a0f3d-fb8a-4fa1-a6a4-ca139ab24992,Snake2,2,57403802-adfc-4fd9-81d5-b3293c5d7d43,Dawg,7,3,3,3,94,0,0.7778,0.0,0.6222
c77a0f3d-fb8a-4fa1-a6a4-ca139ab24992,Snake2,1,186f2081-9da7-4e1c-bb6d-df81de4d2bd7,Snake2,9,3,3,3,93,1,1.0,0.0,0.8
c77a0f3d-fb8a-4fa1-a6a4-ca139ab24992,Snake2,2,57403802-adfc-4fd9-81d5-b3293c5d7d43,Dawg,7,3,3,3,94,0,0.7778,0.0,0.6222
87b12ff8-5da2-4687-95ac-da98ba5ba80f,Snake2,1,64d7ecad-d145-4aea-9f35-6841bf50dfc5,Snake2,9,3,3,3,93,1,1.0,0.0,0.8
87b12ff8-5da2-4687-95ac-da98ba5ba80f,Snake2,2,c557c85b-95eb-42d6-99c1-fb6183d8a08a,Dawg,7,3,3,3,94,0,0.7778,0.0,0.6222
87b12ff8-5da2-4687-95ac-da98ba5ba80f,Snake2,1,64d7ecad-d145-4aea-9f35-6841bf50dfc5,Snake2,9,3,3,3,93,1,1.0,0.0,0.8
87b12ff8-5da2-4687-95ac-da98ba5ba80f,Snake2,2,c557c85b-95eb-42d6-99c1-fb6183d8a08a,Dawg,7,3,3,3,94,0,0.7778,0.0,0.6222
15362913-e6d2-4740-b60b-3ee5dadbd424,Snake4,1,fd6e978e-c7d6-4e0d-99eb-eba560698243,Snake4,42,3,6,6,100,1,1.0,0.6,0.92
15362913-e6d2-4740-b60b-3ee5dadbd424,Snake4,2,2f2c6e9c-ee71-4af5-8545-79ba752ccc39,Dawg,40,3,4,4,53,0,0.9524,0.2,0.8019
15362913-e6d2-4740-b60b-3ee5dadbd424,Snake4,3,93022335-cfa7-4937-b4cb-2599ef42b301,Snake2,6,3,3,3,95,0,0.1429,0.0,0.1143
15362913-e6d2-4740-b60b-3ee5dadbd424,Snake4,4,9a204bae-7990-4b6a-83f7-10d9028db7f6,Snake3,6,3,3,3,95,0,0.1429,0.0,0.1143
15362913-e6d2-4740-b60b-3ee5dadbd424,Snake4,1,fd6e978e-c7d6-4e0d-99eb-eba560698243,Snake4,42,3,6,6,100,1,1.0,0.6,0.92
15362913-e6d2-4740-b60b-3ee5dadbd424,Snake4,2,2f2c6e9c-ee71-4af5-8545-79ba752ccc39,Dawg,40,3,4,4,53,0,0.9524,0.2,0.8019
15362913-e6d2-4740-b60b-3ee5dadbd424,Snake4,3,93022335-cfa7-4937-b4cb-2599ef42b301,Snake2,6,3,3,3,95,0,0.1429,0.0,0.1143
15362913-e6d2-4740-b60b-3ee5dadbd424,Snake4,4,9a204bae-7990-4b6a-83f7-10d9028db7f6,Snake3,6,3,3,3,95,0,0.1429,0.0,0.1143
15362913-e6d2-4740-b60b-3ee5dadbd424,Snake4,1,fd6e978e-c7d6-4e0d-99eb-eba560698243,Snake4,42,3,6,6,100,1,1.0,0.6,0.92
15362913-e6d2-4740-b60b-3ee5dadbd424,Snake4,2,2f2c6e9c-ee71-4af5-8545-79ba752ccc39,Dawg,6,3,3,3,95,0,0.1429,0.0,0.1143
15362913-e6d2-4740-b60b-3ee5dadbd424,Snake4,3,93022335-cfa7-4937-b4cb-2599ef42b301,Snake2,6,3,3,3,95,0,0.1429,0.0,0.1143
15362913-e6d2-4740-b60b-3ee5dadbd424,Snake4,4,9a204bae-7990-4b6a-83f7-10d9028db7f6,Snake3,6,3,3,3,95,0,0.1429,0.0,0.1143
15362913-e6d2-4740-b60b-3ee5dadbd424,Snake4,1,fd6e978e-c7d6-4e0d-99eb-eba560698243,Snake4,42,3,6,6,100,1,1.0,0.6,0.92
15362913-e6d2-4740-b60b-3ee5dadbd424,Snake4,2,2f2c6e9c-ee71-4af5-8545-79ba752ccc39,Dawg,6,3,3,3,95,0,0.1429,0.0,0.1143
15362913-e6d2-4740-b60b-3ee5dadbd424,Snake4,3,93022335-cfa7-4937-b4cb-2599ef42b301,Snake2,6,3,3,3,95,0,0.1429,0.0,0.1143
15362913-e6d2-4740-b60b-3ee5dadbd424,Snake4,4,9a204bae-7990-4b6a-83f7-10d9028db7f6,Snake3,6,3,3,3,95,0,0.1429,0.0,0.1143
21848698-8f75-475f-baf8-fdd3b7fac297,Snake2,1,8ae75d9c-13ed-4ada-b395-1f35a7a87cb8,Snake2,84,3,8,8,62,1,1.0,1.0,1.0
21848698-8f75-475f-baf8-fdd3b7fac297,Snake2,2,ca33bc09-bc3f-44b4-8d78-771e2f672a69,Snake3,82,3,8,8,82,0,0.9762,1.0,0.981
21848698-8f75-475f-baf8-fdd3b7fac297,Snake2,3,83c809a9-1ab0-4e09-b70e-886f7fe54b1c,Snake4,53,3,7,7,98,0,0.631,0.8,0.6648
21848698-8f75-475f-baf8-fdd3b7fac297,Snake2,4,7366fea0-5fd5-4140-81d8-d340ae9589cb,Dawg,28,3,3,3,73,0,0.3333,0.0,0.2667
21848698-8f75-475f-baf8-fdd3b7fac297,Snake2,1,8ae75d9c-13ed-4ada-b395-1f35a7a87cb8,Snake2,84,3,8,8,62,1,1.0,1.0,1.0
21848698-8f75-475f-baf8-fdd3b7fac297,Snake2,2,83c809a9-1ab0-4e09-b70e-886f7fe54b1c,Snake4,53,3,7,7,98,0,0.631,0.8,0.6648
21848698-8f75-475f-baf8-fdd3b7fac297,Snake2,3,ca33bc09-bc3f-44b4-8d78-771e2f672a69,Snake3,53,3,6,6,86,0,0.631,0.6,0.6248
21848698-8f75-475f-baf8-fdd3b7fac297,Snake2,4,7366fea0-5fd5-4140-81d8-d340ae9589cb,Dawg,28,3,3,3,73,0,0.3333,0.0,0.2667
21848698-8f75-475f-baf8-fdd3b7fac297,Snake2,1,8ae75d9c-13ed-4ada-b395-1f35a7a87cb8,Snake2,84,3,8,8,62,1,1.0,1.0,1.0
21848698-8f75-475f-baf8-fdd3b7fac297,Snake2,2,83c809a9-1ab0-4e09-b70e-886f7fe54b1c,Snake4,28,3,5,5,99,0,0.3333,0.4,0.3467
21848698-8f75-475f-baf8-fdd3b7fac297,Snake2,3,ca33bc09-bc3f-44b4-8d78-771e2f672a69,Snake3,28,3,4,4,86,0,0.3333,0.2,0.3067
21848698-8f75-475f-baf8-fdd3b7fac297,Snake2,4,7366fea0-5fd5-4140-81d8-d340ae9589cb,Dawg,28,3,3,3,73,0,0.3333,0.0,0.2667
21848698-8f75-475f-baf8-fdd3b7fac297,Snake2,1,8ae75d9c-13ed-4ada-b395-1f35a7a87cb8,Snake2,84,3,8,8,62,1,1.0,1.0,1.0
21848698-8f75-475f-baf8-fdd3b7fac297,Snake2,2,ca33bc09-bc3f-44b4-8d78-771e2f672a69,Snake3,82,3,8,8,82,0,0.9762,1.0,0.981
21848698-8f75-475f-baf8-fdd3b7fac297,Snake2,3,83c809a9-1ab0-4e09-b70e-886f7fe54b1c,Snake4,53,3,7,7,98,0,0.631,0.8,0.6648
21848698-8f75-475f-baf8-fdd3b7fac297,Snake2,4,7366fea0-5fd5-4140-81d8-d340ae9589cb,Dawg,28,3,3,3,73,0,0.3333,0.0,0.2667
9d3135d1-3e56-4d47-8439-8f012333046c,,1,01355208-7c3e-45e0-92b7-899337f4f09f,Dawg,90,3,13,13,9,0,0.9783,1.0,0.9826
dd6e08fd-524c-4a58-90f7-cdef325947f4,,1,2cc3d78e-e85d-4ae0-932b-7527d3833b39,Dawg,2,3,3,3,99,0,0.5,0.0,0.4
3ec61730-8d04-4d0c-824f-27ccb139fed5,,1,d7e0a91a-a6f6-4181-95f1-fc76ea183198,Dawg,21,3,5,5,100,0,0.913,0.4,0.8104
9e61d82a-cf6c-4f22-bf64-30d20cc09a25,,1,483f44f9-3aca-42bf-8ea7-4ccb8f0ee6de,Dawg,2,3,3,3,99,0,0.5,0.0,0.4
89f09682-3ab5-4f48-b2f7-1f12678ed70d,,1,63236b0d-a6c9-473f-a1a0-5804ee165c6a,Dawg,96,3,9,9,1,0,0.9796,1.0,0.9837
aa6b141c-b490-44ad-9d88-8dfd4a82356a,,1,b04a89fe-d631-4968-afbb-c3f2d7b6dd55,Dawg,98,3,15,15,8,0,0.98,1.0,0.984
e3c02c38-5b7d-4b9e-88b5-3c776e66998d,,1,c852454f-a08f-4e98-a9e0-a97da13dd152,Dawg,102,3,4,4,1,0,0.9808,0.2,0.8246
c96c6ce0-d852-49b9-b5ff-499f18988a0a,,1,da764f96-7bbd-4d8e-98f4-224a382c1ca6,Dawg,78,3,10,10,31,0,0.975,1.0,0.98
9fd951a1-0eb2-4358-98d3-3d583fea73fc,,1,5b98328d-f7c1-49ce-96f6-999caa75f6a2,Dawg,42,3,4,4,15,0,0.9545,0.2,0.8036
3019ba81-5461-4144-a0c3-d0b82fcf7032,,1,a6a80360-4345-4b86-ac49-297e8b811186,Dawg,56,3,13,13,17,0,0.9655,1.0,0.9724
cb5537f4-7c19-412a-94e1-7ef2776ac953,,1,12d7d5cc-4b35-4183-bc25-5c65479165e7,Dawg,10,3,3,3,91,0,0.8333,0.0,0.6667
58c39a2b-65c4-4940-8678-42862b27c215,,1,91f75c33-aadb-46f0-8302-09c16cf68613,Dawg,10,3,3,3,91,0,0.8333,0.0,0.6667
b1b05af5-94f7-489f-b47a-a8b0cf7f82b4,,1,555c1ac5-bb02-4254-a4e7-26665f463236,Dawg,10,3,3,3,91,0,0.8333,0.0,0.6667
9f7b5739-df79-4c89-b925-8884089459e3,,1,ea05400c-cabb-47df-93f4-4993f2f39898,Dawg,10,3,3,3,91,0,0.8333,0.0,0.6667
39654b50-0f36-49cf-895f-c5aaa445fbee,,1,ccfd4dd9-1dfb-46a2-9d41-00b57a485e4d,Dawg,10,3,3,3,91,0,0.8333,0.0,0.6667
8c6b1dc1-9d4d-46ce-84ee-cd8957324d57,,1,568e63f5-d08a-43c1-a532-b3895ac6d209,Dawg,158,3,20,20,93,0,0.9875,1.0,0.99
5bf222fb-f668-416f-b6bf-cbd10084cc5f,,1,c4d940e7-ea03-4836-a7fa-3fd94bc11078,Dawg,38,3,4,4,5,0,0.95,0.2,0.8
23f01211-34de-48b0-812b-8302c222d3a2,,1,3ed7bb64-4ae5-4617-ba76-342b59362be2,Dawg,52,3,11,11,28,0,0.963,1.0,0.9704
8104e36d-5202-478a-8f27-52088832ea60,,1,f864ca62-9254-4dd7-adb3-561b7ea0a493,Dawg,10,3,3,3,91,0,0.8333,0.0,0.6667
8cd6a4b1-7ce7-46f9-b41c-24ac6ba2310c,,1,76010f33-5825-4b2e-9326-af260239c6e0,Dawg,50,3,12,12,14,0,0.9615,1.0,0.9692
0fd1df3e-6a5b-4318-b782-95e30eb856c9,,1,dba4be94-d8ae-470a-8e1d-ef1d5bb72b0f,Dawg,89,3,17,17,1,0,0.978,1.0,0.9824
d03d5ca2-ed07-4d20-978d-ee45be135b9b,,1,49b8a00b-4c78-4256-868d-9b73f54a4729,Dawg,109,3,23,23,1,0,0.982,1.0,0.9856
49e3e80d-1503-4365-8c25-7fce05500dd1,,1,b30c1689-bc46-4d4e-b91c-280a0dccda66,Dawg,78,3,10,10,31,0,0.975,1.0,0.98
3c0a41f2-a860-4950-a90e-b091e0a189a8,,1,1c7dfe12-9cea-4efc-9e88-16a96a597fad,Dawg,57,3,13,13,99,0,0.9661,1.0,0.9729
c6226886-3ff5-43c9-a327-1323f6f62fed,,1,beaf1c85-a38d-43e9-b154-933c04c08509,Dawg,10,3,3,3,91,0,0.8333,0.0,0.6667
9be74329-05be-4329-b9f0-8efa13f0eada,,1,f5b3f8bc-e41f-4c20-9da2-7f676b925338,Dawg,10,3,3,3,91,0,0.8333,0.0,0.6667
78bcbf74-51b7-4319-a299-67b3d547423e,,1,0fad23b4-7e6b-4c88-a865-11ed7a48b549,Dawg,10,3,3,3,91,0,0.8333,0.0,0.6667
dd909cd5-28dc-4a58-a65b-9ee87989a324,,1,e5d94573-3797-4c5e-8fb1-ca7cf203c75b,Dawg,10,3,3,3,91,0,0.8333,0.0,0.6667
5273502d-181c-4842-b5b2-3c4e38aac324,,1,eb0fab0e-2469-4678-8c2b-62834b1303ea,Dawg,10,3,3,3,91,0,0.8333,0.0,0.6667
2e4fa6af-bfd4-49c3-bbbc-8d70a04f5128,,1,452eedd8-2e19-4bc5-91d5-90d952ad8029,Dawg,10,3,3,3,91,0,0.8333,0.0,0.6667
b89b3d19-edd1-43ef-8ae9-f982a7d59411,,1,85c36bb0-f57d-4365-a116-a203ae0d6b81,Dawg,10,3,3,3,91,0,0.8333,0.0,0.6667
e4ba57b1-18be-4283-a79e-84237bd5fd0c,,1,b5a642a5-1afb-45a1-99a8-828dd94ebdf9,Dawg,10,3,3,3,91,0,0.8333,0.0,0.6667
1d182ff2-ec62-4f99-a963-110b4e17aad8,,1,93e32530-e942-41b4-acbb-83b8672fd83a,Dawg,10,3,3,3,91,0,0.8333,0.0,0.6667
704162dd-3e12-4a51-9def-88e9bf6a51e1,,1,e3ba8a9b-2aac-4374-b060-0148fee47d56,Dawg,10,3,3,3,91,0,0.8333,0.0,0.6667
1e75a117-9a18-4907-8122-4255f7af54e7,,1,5c93e33a-8c60-4e63-a0d7-1fb81c5184d1,Dawg,10,3,3,3,91,0,0.8333,0.0,0.6667
62ff00a1-ec9d-4474-8ff2-c84ee01cb7a4,,1,e5022230-e172-43bc-8087-53ab7131897f,Dawg,10,3,3,3,91,0,0.8333,0.0,0.6667
fc0e22a5-632a-48f5-bb73-69f9917aed85,,1,669b119f-2be3-41ad-a787-676d8ba9f4b4,Dawg,10,3,3,3,91,0,0.8333,0.0,0.6667
4198077d-c1d3-4108-9349-3c4937352061,,1,b19c9de9-5a4e-47a8-b180-d47027d1f606,Dawg,10,3,3,3,91,0,0.8333,0.0,0.6667
c9d304d9-164c-4af6-931d-9a7e6d4ff5ac,,1,5af0626e-a7d8-4bd5-a186-aab524e38c75,Dawg,35,3,10,10,78,0,0.9459,1.0,0.9568
ce18442d-7289-4158-94ee-29eca1769b19,,1,d36fda3f-25f4-42d4-a08e-cea58f772a64,Dawg,10,3,3,3,91,0,0.8333,0.0,0.6667
799a63db-af17-498e-8b2d-8bb667d20b59,,1,e032ac28-397b-4c74-a499-747d4aecfbad,Dawg,10,3,3,3,91,0,0.8333,0.0,0.6667
6c08b790-9822-40bb-bfb0-e264d1fd1beb,,1,43cffa45-11f1-452c-8440-892e273e9364,Dawg,10,3,3,3,91,0,0.8333,0.0,0.6667
9dd8fb2e-5230-4b83-99be-a694a482923a,,1,add8c43c-ff58-4813-9767-8c3688d34f67,Dawg,10,3,3,3,91,0,0.8333,0.0,0.6667
eb86c02c-3ef7-462b-830f-2652c4a5fabe,,1,99309358-8d8c-4606-a687-4985be365dec,Dawg,10,3,3,3,91,0,0.8333,0.0,0.6667
4397045d-0325-42e5-bbc1-75ce8674664a,,1,d7c19d55-58a8-4aa4-a2db-83eed4338efc,Dawg,10,3,3,3,91,0,0.8333,0.0,0.6667
38609957-9756-43df-9af9-ff1c43a98433,,1,985e440a-f4c0-4ac8-b863-d1805a12a321,Dawg,10,3,3,3,91,0,0.8333,0.0,0.6667
f32e97a8-dc17-4007-9698-c2b886fc4a70,,1,dc738fb0-b08b-4750-a0f9-e94b602de29f,Dawg,10,3,3,3,91,0,0.8333,0.0,0.6667
8fb3386a-6600-4548-abd2-2b72926d6a12,,1,b8deb42a-3316-4e38-9ec3-7df827cca6c2,Dawg,10,3,3,3,91,0,0.8333,0.0,0.6667
73c3bfa4-4f4a-4be6-a159-8406f006386c,,1,97ce11b2-443a-4ea4-9688-801e8c500e1c,Dawg,10,3,3,3,91,0,0.8333,0.0,0.6667
5b12858c-1de7-45ba-b698-9d5bb9f43584,,1,d1643f9c-14ee-4fb7-a01b-67bfffd655d6,Dawg,10,3,3,3,91,0,0.8333,0.0,0.6667
256dda1a-0a5c-4faf-8786-c2952bc0789d,,1,de1709f6-6e73-4b9d-aa2b-a0ea5c6111cb,Dawg,10,3,3,3,91,0,0.8333,0.0,0.6667
3f6a5a89-cd47-4633-85c0-7c846decb8ff,,1,71a22435-4ebe-4e1d-aae7-760e6cd362e6,Dawg,10,3,3,3,91,0,0.8333,0.0,0.6667
be6e2e6d-40af-4bb6-9d61-e22a2f5452f0,,1,1b6c3008-4fd7-4fef-b6a7-0e5966b5ea5c,Dawg,10,3,3,3,91,0,0.8333,0.0,0.6667
cf99f5a9-2c1e-4210-aa5b-2fd5c38b5d10,,1,f95acd9e-e0ef-42f3-8bd7-4a4dd289b285,Dawg,10,3,3,3,91,0,0.8333,0.0,0.6667
b2f9d24a-5ecf-4572-88f0-4ae8511194e7,,1,ae3f9cb3-6d27-4fcc-99cc-9bdb69067549,Dawg,10,3,3,3,91,0,0.8333,0.0,0.6667
180b23de-ebe1-4388-957b-0b413964e18c,,1,d90440d6-b107-456a-b87c-ae62701e97f6,Dawg,10,3,3,3,91,0,0.8333,0.0,0.6667
d05ed510-25ab-4d0e-a1e7-f4d1761f4f81,,1,4566d6fd-19ec-4bfb-9c58-45f7ecabba08,Dawg,10,3,3,3,91,0,0.8333,0.0,0.6667
0c874c89-e938-472e-ae92-0c37ad32a7af,,1,1f6e40db-f257-495d-96fb-2d29fb2bebf2,Dawg,10,3,3,3,91,0,0.8333,0.0,0.6667
9552c8a5-a638-4e4a-8372-431c1ce5ec91,,1,bf42378a-d762-4960-83b4-31b2d3ff5fdd,Dawg,10,3,3,3,91,0,0.8333,0.0,0.6667
7e823091-1c98-4744-87b2-86c36ae00f3d,,1,d4ff313b-9cb1-4393-9f77-f08b3f5d0e8d,Dawg,66,3,7,7,18,0,0.9706,0.8,0.9365
787b6e62-b967-4d85-866f-c7920fdcdbde,,1,64daac8b-b51f-4342-846d-fca9874aa060,Dawg,96,3,14,14,6,0,0.9796,1.0,0.9837
d56bb024-3664-4045-bc26-575121e6cf6f,,1,200a9b78-9649-42a3-9af9-39288389d19f,Dawg,71,3,9,9,100,0,0.9726,1.0,0.9781
d65b03c0-12d3-401d-9d1e-162977e39c89,,1,55fe6379-c019-4936-881c-abd5e265d195,Dawg,76,3,4,4,27,0,0.9744,0.2,0.8195
50255611-eca4-4b74-bac3-a9df70bd4241,,1,dc34caa6-89b2-4738-af0b-a9cc346bc5b5,Dawg,44,3,4,4,3,0,0.9565,0.2,0.8052
64841583-0773-406b-a525-d184e6104007,,1,dc97be5d-f90d-452b-bbbb-cf0c33fdfec8,Dawg,44,3,4,4,3,0,0.9565,0.2,0.8052
96201782-ba86-4559-9e92-41e7a73c383a,,1,f1800e2e-042e-415e-be1e-102c9fd9fd4b,Dawg,54,3,11,11,54,0,0.9643,1.0,0.9714
b50f46fe-3d7c-43f3-a408-21362f74ffae,,1,bc14aeb1-7725-4473-8ade-ffdbb1a27ecd,Dawg,56,3,12,12,29,0,0.9655,1.0,0.9724
8e27fd5a-ce35-48ed-a915-dabf9f4398a3,,1,419b975e-eb8e-49b1-bbc7-a5a7c1fa526e,Dawg,124,3,17,17,55,0,0.9841,1.0,0.9873
29667c56-5c5b-4cc4-b32a-a14254e1eb2b,,1,5ef568a3-8950-4dfa-aa1b-b4a0a21694e9,Dawg,10,3,3,3,91,0,0.8333,0.0,0.6667
2f372f4b-b52a-4abc-9492-02f982f98ec5,,1,434ae011-da2b-4f9e-858d-e6e44c7f8db1,Dawg,111,3,11,11,100,0,0.9823,1.0,0.9858
cd8e4062-b90a-4dd9-8b5b-b12661634d4e,,1,69e1d85f-1d24-4f94-9243-0a5b503c07e0,Dawg,139,3,12,12,1,0,0.9858,1.0,0.9887
c475f054-9bf1-484a-bb7c-7b7575baec82,,1,35398a55-6e31-4809-843d-a07a95b70aa0,Dawg,71,3,13,13,100,0,0.9726,1.0,0.9781
7dd78159-050f-4990-b53b-669efdf0fd1b,,1,1a3dc04e-ff31-4604-8c67-fbd6cec1f9f4,Dawg,154,3,19,19,39,0,0.9872,1.0,0.9897
fd7904a5-c81b-48d8-bfb4-349b4adc3eae,,1,cace3c3b-df55-417e-ba2d-466e4238de03,Dawg,101,3,12,12,100,0,0.9806,1.0,0.9845
5ee109b2-96d9-4a13-93ff-a188f283760f,,1,70e0523b-0fce-4ed5-9b0f-685ee300bdce,Dawg,98,3,12,12,47,0,0.98,1.0,0.984
1ff48765-c99e-4729-bfb5-5ed686594f30,,1,295ec41a-6a78-4a63-80cd-d39f8fdd2808,Dawg,58,3,15,15,99,0,0.9667,1.0,0.9733
f8617576-8712-4c4e-bc07-03fe0050fb40,,1,5d92b778-cede-4ea2-967c-f5f71113d656,Dawg,138,3,20,20,42,0,0.9857,1.0,0.9886
41f7e5ea-299b-4565-b396-29a65d94b0c9,,1,8da3746e-c732-405e-a596-c32c3b8c70d8,Dawg,157,3,17,17,42,0,0.9874,1.0,0.9899
e0ca25da-b0b4-4b50-9fd7-10d0ebddb894,,1,6925c104-58a8-465e-ac3f-8a47d7302d91,Dawg,65,3,17,17,69,0,0.9701,1.0,0.9761
9ff77481-0c0f-4dc0-b688-b8b015006be4,,1,33f5bbcb-0eac-4e41-8675-3175147dca10,Dawg,280,3,56,56,41,0,0.9929,1.0,0.9943
8e1b06a5-a4ce-4b35-a2dc-94807a51b10c,,1,b9a3d1e7-6463-4913-bf15-3ff13522562e,Dawg,263,3,56,56,57,0,0.9925,1.0,0.994
54bb91d4-a9fb-4ae5-b32d-9a21d2d17431,,1,468358b4-3e7c-4d31-8c66-fd2ece88d3d5,Dawg,336,3,61,61,41,0,0.9941,1.0,0.9953
acb60fdf-7ccc-4d58-b3be-a5e525072941,,1,9b2d208c-32ad-4ec7-a004-ab6fe8dd26be,Dawg,209,3,42,42,82,0,0.9905,1.0,0.9924
73117760-7643-4c5c-b1ce-d4574fbe8615,,1,802ed611-3e91-4e0e-9b86-57b1cfb66056,Dawg,188,3,42,42,95,0,0.9895,1.0,0.9916
3b39c6fe-087e-4274-8fb3-148f0881b2fc,,1,f5890c54-8ccd-4051-84e3-2fdee99437bc,Dawg,166,3,31,31,99,0,0.9881,1.0,0.9905
4f336b44-b1a5-403b-9eaf-69d3e0778caf,,1,0b22a62c-a60f-4677-9da0-9ca8e5b5d6bd,Dawg,179,3,38,38,96,0,0.989,1.0,0.9912
f1368f37-4bc9-4c7d-bb76-00c401b35971,,1,8fa3e0f4-084a-460a-b014-0d123b61369e,Dawg,202,3,44,44,96,0,0.9902,1.0,0.9922
99ba628c-875e-46ba-afbf-85e65cc9e57b,,1,2c5381d9-b82b-4839-a716-e27c2142845f,Dawg,10,3,3,3,91,0,0.8333,0.0,0.6667
12ec424f-22ac-469a-8ad9-7e777bc4c218,,1,703c76cf-1eb6-408b-ae34-19a381e34d35,Dawg,77,3,18,18,69,0,0.9747,1.0,0.9797
812e513b-5ba5-499f-8869-c64d0ae65c3d,,1,9fed26d6-05d1-4abc-9d81-dd5866552e13,Dawg,254,3,47,47,56,0,0.9922,1.0,0.9938
d29c6e65-712a-4915-a275-f319f98f638d,,1,c9aef462-5b3f-493b-b94a-9295784c975e,Dawg,259,3,55,55,56,0,0.9923,1.0,0.9939
da15e771-f246-4223-8471-504f466020c0,,1,de41f34f-1dbb-42a7-9285-782a9c1d8c42,Dawg,260,3,53,53,99,0,0.9924,1.0,0.9939
6d3e75e5-7584-4336-a87d-930d6cfd039a,,1,b41b1164-c672-4c07-94fd-a1bd87967407,Dawg,10,3,3,3,91,0,0.8333,0.0,0.6667
21595636-4268-4ea0-8308-4643c245a7dd,,1,71874539-028a-439d-9251-5eb03f5c40bb,Dawg,10,3,3,3,91,0,0.8333,0.0,0.6667
440ae0b8-e75c-4e97-b113-8420bea26847,,1,c7b101a0-9f05-4cac-aaff-1d9b9026e401,Dawg,10,3,3,3,91,0,0.8333,0.0,0.6667
a7db3bdb-dc2e-4116-985c-ca45790989b0,,1,4fadabfd-a9dd-4936-85ae-9b2b117a53e8,Dawg,10,3,3,3,91,0,0.8333,0.0,0.6667
2bef1fc7-8159-4d2b-9420-868c9030c066,,1,b81753a4-6708-466c-9670-7371ce4d17fd,Dawg,10,3,3,3,91,0,0.8333,0.0,0.6667
dca5bef8-6957-4bb4-8f7b-51e3b8b594e8,,1,5a2981f0-cbd4-4cbe-95d9-aff043242c83,Dawg,10,3,3,3,91,0,0.8333,0.0,0.6667
c59f6000-61dd-4495-adaf-2d756636e636,,1,d96d1e49-28b7-49bb-bb5f-737a7f92cdab,Dawg,212,3,39,39,84,0,0.9907,1.0,0.9925
bcf86378-f44d-4255-83da-8e1e973d64c9,,1,44fdbffa-4f49-4f89-a079-6f64ea3cab93,Dawg,152,3,31,31,36,0,0.987,1.0,0.9896
b119cb2d-df43-421f-84c7-7462357b8ffc,,1,6d241483-d1de-416f-b521-a7af1c012a46,Dawg,243,3,52,52,95,0,0.9918,1.0,0.9935
91e0af26-e2fc-4c22-a84f-d872ac619a47,,1,db7f38fb-33d9-4ec5-be0f-a865fb89e2e7,Dawg,32,3,9,9,68,0,0.9412,1.0,0.9529
72f84dfa-e0bf-4049-b14f-c2bd04b57490,,1,0c059f71-db88-4028-a8a7-13d08c894704,Dawg,98,3,20,20,4,0,0.98,1.0,0.984
64f71da1-27eb-45dc-99f4-e4eb9f836dd2,,1,81dc6ca6-77d9-43c3-a795-bedfa0e1c080,Dawg,61,3,14,14,71,0,0.9683,1.0,0.9746
e7ecfe0e-6426-4733-96e6-09cc8840a460,,1,444bd0bb-ca20-47b5-b21d-c487bfd7dc55,Dawg,268,3,55,55,8,0,0.9926,1.0,0.9941
c75274ac-6733-47b5-a34a-cbcb6335b1e2,,1,fa156d88-38a1-441b-93ec-3dad5fa904e4,Dawg,268,3,58,58,99,0,0.9926,1.0,0.9941
43362f6a-2659-4a6f-bbc6-cc878050397f,,1,b32e0d4e-fb28-402d-a707-c3b13645a475,Dawg,230,3,48,48,94,0,0.9914,1.0,0.9931
e7b05b7c-7094-46d6-9228-bb3e878e7f31,,1,b9b540ba-5d03-465d-963a-a394597abfab,Dawg,270,3,58,58,7,0,0.9926,1.0,0.9941
e4630398-5f21-4c3d-831b-3aa04eef946b,,1,16cc8287-bd7d-4818-9e21-6473d70b526c,Dawg,219,3,47,47,82,0,0.991,1.0,0.9928
a0ffdd8a-4601-4e01-969f-5c53bc8e36fa,,1,d69b5f1d-6e4a-43c3-b390-0ebd48df3a84,Dawg,328,3,59,59,97,0,0.9939,1.0,0.9952
db52a384-5e0b-4bb6-87ad-0d4b903f1427,,1,5c16b093-1266-4a98-b99a-9f6573962b29,Dawg,342,3,52,52,39,0,0.9942,1.0,0.9953
49990f52-88fd-4c85-bc28-f38371350315,,1,9db6fa8e-8a67-4acf-b210-fc0998e6fe03,Dawg,116,3,14,14,38,0,0.9831,1.0,0.9864
cc22c426-2711-4bdc-86f7-66ae165f7f98,,1,f9c167d5-f308-4416-ab26-9b053113569e,Dawg,110,3,15,15,40,0,0.9821,1.0,0.9857
86ab3592-eeda-4afe-a8e8-ab7bfb205afc,,1,c54121aa-0ab1-45b2-9aea-7cc1ad16ec0e,Dawg,307,3,46,46,100,0,0.9935,1.0,0.9948
fc17d67d-0047-4e35-9c91-4ae8b1d08b1e,Snake2,1,5aa1b852-877a-44b0-baba-ba9be28b54fc,Snake2,106,3,11,11,53,1,1.0,1.0,1.0
fc17d67d-0047-4e35-9c91-4ae8b1d08b1e,Snake2,2,a9921dc6-f267-4b38-b998-1fac563712f0,Snake4,70,3,8,8,95,0,0.6604,1.0,0.7283
fc17d67d-0047-4e35-9c91-4ae8b1d08b1e,Snake2,3,1bd28eb9-62db-4afc-a147-c4857c3c1ca8,Snake3,70,3,7,7,32,0,0.6604,0.8,0.6883
fc17d67d-0047-4e35-9c91-4ae8b1d08b1e,Snake2,4,990ec044-f907-441e-9c58-8535548ee4a3,Dawg,70,3,7,7,30,0,0.6604,0.8,0.6883
fc17d67d-0047-4e35-9c91-4ae8b1d08b1e,Snake2,1,5aa1b852-877a-44b0-baba-ba9be28b54fc,Snake2,106,3,11,11,53,1,1.0,1.0,1.0
fc17d67d-0047-4e35-9c91-4ae8b1d08b1e,Snake2,2,a9921dc6-f267-4b38-b998-1fac563712f0,Snake4,104,3,8,8,19,0,0.9811,1.0,0.9849
fc17d67d-0047-4e35-9c91-4ae8b1d08b1e,Snake2,3,1bd28eb9-62db-4afc-a147-c4857c3c1ca8,Snake3,70,3,7,7,32,0,0.6604,0.8,0.6883
fc17d67d-0047-4e35-9c91-4ae8b1d08b1e,Snake2,4,990ec044-f907-441e-9c58-8535548ee4a3,Dawg,70,3,7,7,30,0,0.6604,0.8,0.6883
fc17d67d-0047-4e35-9c91-4ae8b1d08b1e,Snake2,1,5aa1b852-877a-44b0-baba-ba9be28b54fc,Snake2,106,3,11,11,53,1,1.0,1.0,1.0
fc17d67d-0047-4e35-9c91-4ae8b1d08b1e,Snake2,2,a9921dc6-f267-4b38-b998-1fac563712f0,Snake4,70,3,8,8,95,0,0.6604,1.0,0.7283
fc17d67d-0047-4e35-9c91-4ae8b1d08b1e,Snake2,3,1bd28eb9-62db-4afc-a147-c4857c3c1ca8,Snake3,70,3,7,7,32,0,0.6604,0.8,0.6883
fc17d67d-0047-4e35-9c91-4ae8b1d08b1e,Snake2,4,990ec044-f907-441e-9c58-8535548ee4a3,Dawg,70,3,7,7,30,0,0.6604,0.8,0.6883
fc17d67d-0047-4e35-9c91-4ae8b1d08b1e,Snake2,1,5aa1b852-877a-44b0-baba-ba9be28b54fc,Snake2,106,3,11,11,53,1,1.0,1.0,1.0
fc17d67d-0047-4e35-9c91-4ae8b1d08b1e,Snake2,2,a9921dc6-f267-4b38-b998-1fac563712f0,Snake4,104,3,8,8,19,0,0.9811,1.0,0.9849
fc17d67d-0047-4e35-9c91-4ae8b1d08b1e,Snake2,3,1bd28eb9-62db-4afc-a147-c4857c3c1ca8,Snake3,70,3,7,7,32,0,0.6604,0.8,0.6883
fc17d67d-0047-4e35-9c91-4ae8b1d08b1e,Snake2,4,990ec044-f907-441e-9c58-8535548ee4a3,Dawg,70,3,7,7,30,0,0.6604,0.8,0.6883
147952e0-6dd8-4b91-86e5-ab5999a8e0c9,Snake4,1,01683f17-db5a-47d6-9caf-9be71062c3da,Snake4,154,3,15,15,86,1,1.0,1.0,1.0
147952e0-6dd8-4b91-86e5-ab5999a8e0c9,Snake4,2,05189673-8f1c-4346-aef7-18589b46df0a,Snake3,22,3,4,4,83,0,0.1429,0.2,0.1543
147952e0-6dd8-4b91-86e5-ab5999a8e0c9,Snake4,3,65d6ca64-c5ab-4ae6-bfd0-a02a46f91a0f,Dawg,22,3,3,3,79,0,0.1429,0.0,0.1143
147952e0-6dd8-4b91-86e5-ab5999a8e0c9,Snake4,4,8422ad30-41b4-4c7a-bcfd-4a6551b3a044,Snake2,22,3,3,3,79,0,0.1429,0.0,0.1143
147952e0-6dd8-4b91-86e5-ab5999a8e0c9,Snake4,1,01683f17-db5a-47d6-9caf-9be71062c3da,Snake4,154,3,15,15,86,1,1.0,1.0,1.0
147952e0-6dd8-4b91-86e5-ab5999a8e0c9,Snake4,2,8422ad30-41b4-4c7a-bcfd-4a6551b3a044,Snake2,152,3,14,14,91,0,0.987,1.0,0.9896
147952e0-6dd8-4b91-86e5-ab5999a8e0c9,Snake4,3,05189673-8f1c-4346-aef7-18589b46df0a,Snake3,48,3,4,4,15,0,0.3117,0.2,0.2894
147952e0-6dd8-4b91-86e5-ab5999a8e0c9,Snake4,4,65d6ca64-c5ab-4ae6-bfd0-a02a46f91a0f,Dawg,22,3,3,3,79,0,0.1429,0.0,0.1143
147952e0-6dd8-4b91-86e5-ab5999a8e0c9,Snake4,1,01683f17-db5a-47d6-9caf-9be71062c3da,Snake4,154,3,15,15,86,1,1.0,1.0,1.0
147952e0-6dd8-4b91-86e5-ab5999a8e0c9,Snake4,2,8422ad30-41b4-4c7a-bcfd-4a6551b3a044,Snake2,48,3,5,5,78,0,0.3117,0.4,0.3294
147952e0-6dd8-4b91-86e5-ab5999a8e0c9,Snake4,3,05189673-8f1c-4346-aef7-18589b46df0a,Snake3,48,3,4,4,15,0,0.3117,0.2,0.2894
147952e0-6dd8-4b91-86e5-ab5999a8e0c9,Snake4,4,65d6ca64-c5ab-4ae6-bfd0-a02a46f91a0f,Dawg,22,3,3,3,79,0,0.1429,0.0,0.1143
147952e0-6dd8-4b91-86e5-ab5999a8e0c9,Snake4,1,01683f17-db5a-47d6-9caf-9be71062c3da,Snake4,154,3,15,15,86,1,1.0,1.0,1.0
147952e0-6dd8-4b91-86e5-ab5999a8e0c9,Snake4,2,8422ad30-41b4-4c7a-bcfd-4a6551b3a044,Snake2,152,3,14,14,91,0,0.987,1.0,0.9896
147952e0-6dd8-4b91-86e5-ab5999a8e0c9,Snake4,3,05189673-8f1c-4346-aef7-18589b46df0a,Snake3,48,3,4,4,15,0,0.3117,0.2,0.2894
147952e0-6dd8-4b91-86e5-ab5999a8e0c9,Snake4,4,65d6ca64-c5ab-4ae6-bfd0-a02a46f91a0f,Dawg,22,3,3,3,79,0,0.1429,0.0,0.1143
e9f33077-d6bc-4aa8-b2ef-f86d6b3066f9,,1,d471782d-4cdd-4be4-afea-0ce180a76827,Dawg,10,3,3,3,91,0,0.8333,0.0,0.6667
e9f33077-d6bc-4aa8-b2ef-f86d6b3066f9,,2,92903383-27d5-4ead-b0d6-cfad72babcdf,Snake3,10,3,3,3,91,0,0.8333,0.0,0.6667
e9f33077-d6bc-4aa8-b2ef-f86d6b3066f9,,3,565af152-a384-4537-8336-3e26c80bde9b,Snake2,2,3,3,3,99,0,0.1667,0.0,0.1333
e9f33077-d6bc-4aa8-b2ef-f86d6b3066f9,,4,55176ce9-ba7b-4e49-b797-b7958fd9be5d,Snake4,2,3,3,3,99,0,0.1667,0.0,0.1333
e9f33077-d6bc-4aa8-b2ef-f86d6b3066f9,,1,d471782d-4cdd-4be4-afea-0ce180a76827,Dawg,2,3,3,3,99,0,0.1667,0.0,0.1333
e9f33077-d6bc-4aa8-b2ef-f86d6b3066f9,,2,565af152-a384-4537-8336-3e26c80bde9b,Snake2,2,3,3,3,99,0,0.1667,0.0,0.1333
e9f33077-d6bc-4aa8-b2ef-f86d6b3066f9,,3,92903383-27d5-4ead-b0d6-cfad72babcdf,Snake3,2,3,3,3,99,0,0.1667,0.0,0.1333
e9f33077-d6bc-4aa8-b2ef-f86d6b3066f9,,4,55176ce9-ba7b-4e49-b797-b7958fd9be5d,Snake4,2,3,3,3,99,0,0.1667,0.0,0.1333
e9f33077-d6bc-4aa8-b2ef-f86d6b3066f9,,1,d471782d-4cdd-4be4-afea-0ce180a76827,Dawg,10,3,3,3,91,0,0.8333,0.0,0.6667
e9f33077-d6bc-4aa8-b2ef-f86d6b3066f9,,2,92903383-27d5-4ead-b0d6-cfad72babcdf,Snake3,10,3,3,3,91,0,0.8333,0.0,0.6667
e9f33077-d6bc-4aa8-b2ef-f86d6b3066f9,,3,565af152-a384-4537-8336-3e26c80bde9b,Snake2,2,3,3,3,99,0,0.1667,0.0,0.1333
e9f33077-d6bc-4aa8-b2ef-f86d6b3066f9,,4,55176ce9-ba7b-4e49-b797-b7958fd9be5d,Snake4,2,3,3,3,99,0,0.1667,0.0,0.1333
e9f33077-d6bc-4aa8-b2ef-f86d6b3066f9,,1,d471782d-4cdd-4be4-afea-0ce180a76827,Dawg,2,3,3,3,99,0,0.1667,0.0,0.1333
e9f33077-d6bc-4aa8-b2ef-f86d6b3066f9,,2,565af152-a384-4537-8336-3e26c80bde9b,Snake2,2,3,3,3,99,0,0.1667,0.0,0.1333
e9f33077-d6bc-4aa8-b2ef-f86d6b3066f9,,3,92903383-27d5-4ead-b0d6-cfad72babcdf,Snake3,2,3,3,3,99,0,0.1667,0.0,0.1333
e9f33077-d6bc-4aa8-b2ef-f86d6b3066f9,,4,55176ce9-ba7b-4e49-b797-b7958fd9be5d,Snake4,2,3,3,3,99,0,0.1667,0.0,0.1333
a63ff51c-8db0-40d6-9fe8-ace605fac7d0,,1,ce6ea545-d8ae-4517-97e8-fb9cc55e6232,Dawg,10,3,3,3,91,0,0.8333,0.0,0.6667
a63ff51c-8db0-40d6-9fe8-ace605fac7d0,,2,42944c37-2e3d-4349-9e0f-39e290b1c080,Snake3,10,3,3,3,91,0,0.8333,0.0,0.6667
a63ff51c-8db0-40d6-9fe8-ace605fac7d0,,3,1451c212-5972-4a3f-afc4-7cc341862141,Snake2,2,3,3,3,99,0,0.1667,0.0,0.1333
a63ff51c-8db0-40d6-9fe8-ace605fac7d0,,4,b5150d13-6cf5-48a1-acdc-92d2a28e4db2,Snake4,2,3,3,3,99,0,0.1667,0.0,0.1333
a63ff51c-8db0-40d6-9fe8-ace605fac7d0,,1,ce6ea545-d8ae-4517-97e8-fb9cc55e6232,Dawg,2,3,3,3,99,0,0.1667,0.0,0.1333
a63ff51c-8db0-40d6-9fe8-ace605fac7d0,,2,1451c212-5972-4a3f-afc4-7cc341862141,Snake2,2,3,3,3,99,0,0.1667,0.0,0.1333
a63ff51c-8db0-40d6-9fe8-ace605fac7d0,,3,42944c37-2e3d-4349-9e0f-39e290b1c080,Snake3,2,3,3,3,99,0,0.1667,0.0,0.1333
a63ff51c-8db0-40d6-9fe8-ace605fac7d0,,4,b5150d13-6cf5-48a1-acdc-92d2a28e4db2,Snake4,2,3,3,3,99,0,0.1667,0.0,0.1333
a63ff51c-8db0-40d6-9fe8-ace605fac7d0,,1,ce6ea545-d8ae-4517-97e8-fb9cc55e6232,Dawg,10,3,3,3,91,0,0.8333,0.0,0.6667
a63ff51c-8db0-40d6-9fe8-ace605fac7d0,,2,42944c37-2e3d-4349-9e0f-39e290b1c080,Snake3,10,3,3,3,91,0,0.8333,0.0,0.6667
a63ff51c-8db0-40d6-9fe8-ace605fac7d0,,3,1451c212-5972-4a3f-afc4-7cc341862141,Snake2,2,3,3,3,99,0,0.1667,0.0,0.1333
a63ff51c-8db0-40d6-9fe8-ace605fac7d0,,4,b5150d13-6cf5-48a1-acdc-92d2a28e4db2,Snake4,2,3,3,3,99,0,0.1667,0.0,0.1333
a63ff51c-8db0-40d6-9fe8-ace605fac7d0,,1,ce6ea545-d8ae-4517-97e8-fb9cc55e6232,Dawg,2,3,3,3,99,0,0.1667,0.0,0.1333
a63ff51c-8db0-40d6-9fe8-ace605fac7d0,,2,1451c212-5972-4a3f-afc4-7cc341862141,Snake2,2,3,3,3,99,0,0.1667,0.0,0.1333
a63ff51c-8db0-40d6-9fe8-ace605fac7d0,,3,42944c37-2e3d-4349-9e0f-39e290b1c080,Snake3,2,3,3,3,99,0,0.1667,0.0,0.1333
a63ff51c-8db0-40d6-9fe8-ace605fac7d0,,4,b5150d13-6cf5-48a1-acdc-92d2a28e4db2,Snake4,2,3,3,3,99,0,0.1667,0.0,0.1333
30c00c47-31e1-4521-9bfc-9747a0f2eba1,Snake3,1,2f85b444-5d1d-4344-9433-4e61a2eee877,Snake3,167,3,16,16,91,1,1.0,1.0,1.0
30c00c47-31e1-4521-9bfc-9747a0f2eba1,Snake3,2,ef704699-c9c6-49a5-8801-645fbacd5ceb,Dawg,165,3,14,14,13,0,0.988,1.0,0.9904
30c00c47-31e1-4521-9bfc-9747a0f2eba1,Snake3,3,e2d324c4-1d8c-4d97-9a87-fb402f21a0fe,Snake4,87,3,9,9,95,0,0.521,1.0,0.6168
30c00c47-31e1-4521-9bfc-9747a0f2eba1,Snake3,4,99d35c61-ba9b-4357-a3cc-4abc59fe4b18,Snake2,24,3,4,4,83,0,0.1437,0.2,0.155
30c00c47-31e1-4521-9bfc-9747a0f2eba1,Snake3,1,2f85b444-5d1d-4344-9433-4e61a2eee877,Snake3,167,3,16,16,91,1,1.0,1.0,1.0
30c00c47-31e1-4521-9bfc-9747a0f2eba1,Snake3,2,ef704699-c9c6-49a5-8801-645fbacd5ceb,Dawg,24,3,5,5,91,0,0.1437,0.4,0.195
30c00c47-31e1-4521-9bfc-9747a0f2eba1,Snake3,3,e2d324c4-1d8c-4d97-9a87-fb402f21a0fe,Snake4,24,3,4,4,85,0,0.1437,0.2,0.155
30c00c47-31e1-4521-9bfc-9747a0f2eba1,Snake3,4,99d35c61-ba9b-4357-a3cc-4abc59fe4b18,Snake2,24,3,4,4,83,0,0.1437,0.2,0.155
30c00c47-31e1-4521-9bfc-9747a0f2eba1,Snake3,1,2f85b444-5d1d-4344-9433-4e61a2eee877,Snake3,167,3,16,16,91,1,1.0,1.0,1.0
30c00c47-31e1-4521-9bfc-9747a0f2eba1,Snake3,2,ef704699-c9c6-49a5-8801-645fbacd5ceb,Dawg,165,3,14,14,13,0,0.988,1.0,0.9904
30c00c47-31e1-4521-9bfc-9747a0f2eba1,Snake3,3,e2d324c4-1d8c-4d97-9a87-fb402f21a0fe,Snake4,87,3,9,9,95,0,0.521,1.0,0.6168
30c00c47-31e1-4521-9bfc-9747a0f2eba1,Snake3,4,99d35c61-ba9b-4357-a3cc-4abc59fe4b18,Snake2,24,3,4,4,83,0,0.1437,0.2,0.155
30c00c47-31e1-4521-9bfc-9747a0f2eba1,Snake3,1,2f85b444-5d1d-4344-9433-4e61a2eee877,Snake3,167,3,16,16,91,1,1.0,1.0,1.0
30c00c47-31e1-4521-9bfc-9747a0f2eba1,Snake3,2,ef704699-c9c6-49a5-8801-645fbacd5ceb,Dawg,87,3,10,10,100,0,0.521,1.0,0.6168
30c00c47-31e1-4521-9bfc-9747a0f2eba1,Snake3,3,e2d324c4-1d8c-4d97-9a87-fb402f21a0fe,Snake4,87,3,9,9,95,0,0.521,1.0,0.6168
30c00c47-31e1-4521-9bfc-9747a0f2eba1,Snake3,4,99d35c61-ba9b-4357-a3cc-4abc59fe4b18,Snake2,24,3,4,4,83,0,0.1437,0.2,0.155
e920f872-4d86-472f-a1ad-432592615361,Dawg,1,208f3baf-7a09-4cee-b9b0-26bd1e3050f8,Dawg,99,3,8,8,24,1,1.0,1.0,1.0
e920f872-4d86-472f-a1ad-432592615361,Dawg,2,6c22a5a4-5c6d-45cc-bfb5-fdcb4229f335,Snake2,97,3,9,9,94,0,0.9798,1.0,0.9838
e920f872-4d86-472f-a1ad-432592615361,Dawg,3,5bb097f9-c7a8-4907-872b-4047fefc761b,Snake4,97,3,9,9,54,0,0.9798,1.0,0.9838
e920f872-4d86-472f-a1ad-432592615361,Dawg,4,75efae53-918f-4a4a-b640-9b7d5168865f,Snake3,24,3,5,5,100,0,0.2424,0.4,0.2739
e920f872-4d86-472f-a1ad-432592615361,Dawg,1,208f3baf-7a09-4cee-b9b0-26bd1e3050f8,Dawg,99,3,8,8,24,1,1.0,1.0,1.0
e920f872-4d86-472f-a1ad-432592615361,Dawg,2,6c22a5a4-5c6d-45cc-bfb5-fdcb4229f335,Snake2,97,3,9,9,94,0,0.9798,1.0,0.9838
e920f872-4d86-472f-a1ad-432592615361,Dawg,3,5bb097f9-c7a8-4907-872b-4047fefc761b,Snake4,97,3,9,9,54,0,0.9798,1.0,0.9838
e920f872-4d86-472f-a1ad-432592615361,Dawg,4,75efae53-918f-4a4a-b640-9b7d5168865f,Snake3,24,3,5,5,100,0,0.2424,0.4,0.2739
e920f872-4d86-472f-a1ad-432592615361,Dawg,1,208f3baf-7a09-4cee-b9b0-26bd1e3050f8,Dawg,99,3,8,8,24,1,1.0,1.0,1.0
e920f872-4d86-472f-a1ad-432592615361,Dawg,2,6c22a5a4-5c6d-45cc-bfb5-fdcb4229f335,Snake2,24,3,6,6,99,0,0.2424,0.6,0.3139
e920f872-4d86-472f-a1ad-432592615361,Dawg,3,75efae53-918f-4a4a-b640-9b7d5168865f,Snake3,24,3,5,5,100,0,0.2424,0.4,0.2739
e920f872-4d86-472f-a1ad-432592615361,Dawg,4,5bb097f9-c7a8-4907-872b-4047fefc761b,Snake4,24,3,4,4,81,0,0.2424,0.2,0.2339
e920f872-4d86-472f-a1ad-432592615361,Dawg,1,208f3baf-7a09-4cee-b9b0-26bd1e3050f8,Dawg,99,3,8,8,24,1,1.0,1.0,1.0
e920f872-4d86-472f-a1ad-432592615361,Dawg,2,6c22a5a4-5c6d-45cc-bfb5-fdcb4229f335,Snake2,97,3,9,9,94,0,0.9798,1.0,0.9838
e920f872-4d86-472f-a1ad-432592615361,Dawg,3,5bb097f9-c7a8-4907-872b-4047fefc761b,Snake4,97,3,9,9,54,0,0.9798,1.0,0.9838
e920f872-4d86-472f-a1ad-432592615361,Dawg,4,75efae53-918f-4a4a-b640-9b7d5168865f,Snake3,24,3,5,5,100,0,0.2424,0.4,0.2739
fea384db-51ef-4682-8d9f-16bf3d3a0c56,Dawg,1,87820f69-99a8-43e9-9024-39fa796bf866,Dawg,238,3,24,24,97,1,1.0,1.0,1.0
fea384db-51ef-4682-8d9f-16bf3d3a0c56,Dawg,2,8820ca90-d100-4df5-ab69-5ee0cc110e11,Snake2,236,3,19,19,95,0,0.9916,1.0,0.9933
fea384db-51ef-4682-8d9f-16bf3d3a0c56,Dawg,3,b0878ac6-6b4a-49b7-a9ce-7b38ad4c4479,Snake4,54,3,10,10,83,0,0.2269,1.0,0.3815
fea384db-51ef-4682-8d9f-16bf3d3a0c56,Dawg,4,8e7fc6d7-34cd-4a6a-a006-598843ec7b6f,Snake3,17,3,3,3,84,0,0.0714,0.0,0.0571
fea384db-51ef-4682-8d9f-16bf3d3a0c56,Dawg,1,87820f69-99a8-43e9-9024-39fa796bf866,Dawg,238,3,24,24,97,1,1.0,1.0,1.0
fea384db-51ef-4682-8d9f-16bf3d3a0c56,Dawg,2,8820ca90-d100-4df5-ab69-5ee0cc110e11,Snake2,236,3,19,19,95,0,0.9916,1.0,0.9933
fea384db-51ef-4682-8d9f-16bf3d3a0c56,Dawg,3,b0878ac6-6b4a-49b7-a9ce-7b38ad4c4479,Snake4,54,3,10,10,83,0,0.2269,1.0,0.3815
fea384db-51ef-4682-8d9f-16bf3d3a0c56,Dawg,4,8e7fc6d7-34cd-4a6a-a006-598843ec7b6f,Snake3,17,3,3,3,84,0,0.0714,0.0,0.0571
fea384db-51ef-4682-8d9f-16bf3d3a0c56,Dawg,1,87820f69-99a8-43e9-9024-39fa796bf866,Dawg,238,3,24,24,97,1,1.0,1.0,1.0
fea384db-51ef-4682-8d9f-16bf3d3a0c56,Dawg,2,b0878ac6-6b4a-49b7-a9ce-7b38ad4c4479,Snake4,17,3,5,5,92,0,0.0714,0.4,0.1371
fea384db-51ef-4682-8d9f-16bf3d3a0c56,Dawg,3,8820ca90-d100-4df5-ab69-5ee0cc110e11,Snake2,17,3,3,3,84,0,0.0714,0.0,0.0571
fea384db-51ef-4682-8d9f-16bf3d3a0c56,Dawg,4,8e7fc6d7-34cd-4a6a-a006-598843ec7b6f,Snake3,17,3,3,3,84,0,0.0714,0.0,0.0571
fea384db-51ef-4682-8d9f-16bf3d3a0c56,Dawg,1,87820f69-99a8-43e9-9024-39fa796bf866,Dawg,238,3,24,24,97,1,1.0,1.0,1.0
fea384db-51ef-4682-8d9f-16bf3d3a0c56,Dawg,2,b0878ac6-6b4a-49b7-a9ce-7b38ad4c4479,Snake4,54,3,10,10,83,0,0.2269,1.0,0.3815
fea384db-51ef-4682-8d9f-16bf3d3a0c56,Dawg,3,8820ca90-d100-4df5-ab69-5ee0cc110e11,Snake2,54,3,5,5,99,0,0.2269,0.4,0.2615
fea384db-51ef-4682-8d9f-16bf3d3a0c56,Dawg,4,8e7fc6d7-34cd-4a6a-a006-598843ec7b6f,Snake3,17,3,3,3,84,0,0.0714,0.0,0.0571
3dade1c7-fa17-48eb-821b-1c98a3d5c74a,Snake4,1,7eb5538d-801e-4332-8a19-beb3a8c978fe,Snake4,116,3,9,9,23,1,1.0,1.0,1.0
3dade1c7-fa17-48eb-821b-1c98a3d5c74a,Snake4,2,5946885f-9399-40e6-a6ac-5f877c12a506,Snake2,114,3,12,12,27,0,0.9828,1.0,0.9862
3dade1c7-fa17-48eb-821b-1c98a3d5c74a,Snake4,3,36ec56ba-87a6-4bd2-8ede-2681f4a315cf,Dawg,112,3,9,9,100,0,0.9655,1.0,0.9724
3dade1c7-fa17-48eb-821b-1c98a3d5c74a,Snake4,4,726c0237-3273-49f7-93ee-ec0a56525ce2,Snake3,43,3,4,4,68,0,0.3707,0.2,0.3366
3dade1c7-fa17-48eb-821b-1c98a3d5c74a,Snake4,1,7eb5538d-801e-4332-8a19-beb3a8c978fe,Snake4,116,3,9,9,23,1,1.0,1.0,1.0
3dade1c7-fa17-48eb-821b-1c98a3d5c74a,Snake4,2,5946885f-9399-40e6-a6ac-5f877c12a506,Snake2,112,3,12,12,29,0,0.9655,1.0,0.9724
3dade1c7-fa17-48eb-821b-1c98a3d5c74a,Snake4,3,36ec56ba-87a6-4bd2-8ede-2681f4a315cf,Dawg,112,3,9,9,100,0,0.9655,1.0,0.9724
3dade1c7-fa17-48eb-821b-1c98a3d5c74a,Snake4,4,726c0237-3273-49f7-93ee-ec0a56525ce2,Snake3,43,3,4,4,68,0,0.3707,0.2,0.3366
3dade1c7-fa17-48eb-821b-1c98a3d5c74a,Snake4,1,7eb5538d-801e-4332-8a19-beb3a8c978fe,Snake4,116,3,9,9,23,1,1.0,1.0,1.0
3dade1c7-fa17-48eb-821b-1c98a3d5c74a,Snake4,2,5946885f-9399-40e6-a6ac-5f877c12a506,Snake2,114,3,12,12,27,0,0.9828,1.0,0.9862
3dade1c7-fa17-48eb-821b-1c98a3d5c74a,Snake4,3,36ec56ba-87a6-4bd2-8ede-2681f4a315cf,Dawg,112,3,9,9,100,0,0.9655,1.0,0.9724
3dade1c7-fa17-48eb-821b-1c98a3d5c74a,Snake4,4,726c0237-3273-49f7-93ee-ec0a56525ce2,Snake3,43,3,4,4,68,0,0.3707,0.2,0.3366
3dade1c7-fa17-48eb-821b-1c98a3d5c74a,Snake4,1,7eb5538d-801e-4332-8a19-beb3a8c978fe,Snake4,116,3,9,9,23,1,1.0,1.0,1.0
3dade1c7-fa17-48eb-821b-1c98a3d5c74a,Snake4,2,5946885f-9399-40e6-a6ac-5f877c12a506,Snake2,43,3,8,8,98,0,0.3707,1.0,0.4966
3dade1c7-fa17-48eb-821b-1c98a3d5c74a,Snake4,3,36ec56ba-87a6-4bd2-8ede-2681f4a315cf,Dawg,43,3,5,5,71,0,0.3707,0.4,0.3766
3dade1c7-fa17-48eb-821b-1c98a3d5c74a,Snake4,4,726c0237-3273-49f7-93ee-ec0a56525ce2,Snake3,43,3,4,4,68,0,0.3707,0.2,0.3366
4443fd90-0b1a-486e-91ca-75bba50f8c91,Snake2,1,88bdbb2e-f0d3-49fb-be38-daf7bd89f910,Snake2,135,3,9,9,90,1,1.0,1.0,1.0
4443fd90-0b1a-486e-91ca-75bba50f8c91,Snake2,2,87510f23-ae0f-47af-b48e-c1bcc38d5826,Snake4,112,3,11,11,22,0,0.8296,1.0,0.8637
4443fd90-0b1a-486e-91ca-75bba50f8c91,Snake2,3,6458e7fb-cd09-4c51-949b-db31cf55d6d6,Dawg,112,3,9,9,25,0,0.8296,1.0,0.8637
4443fd90-0b1a-486e-91ca-75bba50f8c91,Snake2,4,d4f80e93-d2f7-430b-99bb-ad4099c57393,Snake3,52,3,7,7,100,0,0.3852,0.8,0.4681
4443fd90-0b1a-486e-91ca-75bba50f8c91,Snake2,1,88bdbb2e-f0d3-49fb-be38-daf7bd89f910,Snake2,135,3,9,9,90,1,1.0,1.0,1.0
4443fd90-0b1a-486e-91ca-75bba50f8c91,Snake2,2,87510f23-ae0f-47af-b48e-c1bcc38d5826,Snake4,133,3,11,11,1,0,0.9852,1.0,0.9881
4443fd90-0b1a-486e-91ca-75bba50f8c91,Snake2,3,6458e7fb-cd09-4c51-949b-db31cf55d6d6,Dawg,112,3,9,9,25,0,0.8296,1.0,0.8637
4443fd90-0b1a-486e-91ca-75bba50f8c91,Snake2,4,d4f80e93-d2f7-430b-99bb-ad4099c57393,Snake3,52,3,7,7,100,0,0.3852,0.8,0.4681
4443fd90-0b1a-486e-91ca-75bba50f8c91,Snake2,1,88bdbb2e-f0d3-49fb-be38-daf7bd89f910,Snake2,135,3,9,9,90,1,1.0,1.0,1.0
4443fd90-0b1a-486e-91ca-75bba50f8c91,Snake2,2,6458e7fb-cd09-4c51-949b-db31cf55d6d6,Dawg,52,3,8,8,97,0,0.3852,1.0,0.5081
4443fd90-0b1a-486e-91ca-75bba50f8c91,Snake2,3,d4f80e93-d2f7-430b-99bb-ad4099c57393,Snake3,52,3,7,7,100,0,0.3852,0.8,0.4681
4443fd90-0b1a-486e-91ca-75bba50f8c91,Snake2,4,87510f23-ae0f-47af-b48e-c1bcc38d5826,Snake4,52,3,6,6,65,0,0.3852,0.6,0.4281
4443fd90-0b1a-486e-91ca-75bba50f8c91,Snake2,1,88bdbb2e-f0d3-49fb-be38-daf7bd89f910,Snake2,135,3,9,9,90,1,1.0,1.0,1.0
4443fd90-0b1a-486e-91ca-75bba50f8c91,Snake2,2,87510f23-ae0f-47af-b48e-c1bcc38d5826,Snake4,133,3,11,11,1,0,0.9852,1.0,0.9881
4443fd90-0b1a-486e-91ca-75bba50f8c91,Snake2,3,6458e7fb-cd09-4c51-949b-db31cf55d6d6,Dawg,112,3,9,9,25,0,0.8296,1.0,0.8637
4443fd90-0b1a-486e-91ca-75bba50f8c91,Snake2,4,d4f80e93-d2f7-430b-99bb-ad4099c57393,Snake3,52,3,7,7,100,0,0.3852,0.8,0.4681
05a3dfd9-e82e-4d6c-ad13-9d8eba8df3b5,Dawg,1,da13e09f-cdb9-438f-a1a5-f40a92007b0a,Dawg,140,3,13,13,100,1,1.0,1.0,1.0
05a3dfd9-e82e-4d6c-ad13-9d8eba8df3b5,Dawg,2,0b6cddbf-27eb-4856-b7ec-4c190f1821db,Snake2,138,3,9,9,16,0,0.9857,1.0,0.9886
05a3dfd9-e82e-4d6c-ad13-9d8eba8df3b5,Dawg,3,4f1f92c9-de24-44e0-9807-a49749f2df1c,Snake4,134,3,8,8,22,0,0.9571,1.0,0.9657
05a3dfd9-e82e-4d6c-ad13-9d8eba8df3b5,Dawg,4,5e2cc7a2-00b7-4b44-b1e0-92ff0068fd4e,Snake3,82,3,8,8,36,0,0.5857,1.0,0.6686
05a3dfd9-e82e-4d6c-ad13-9d8eba8df3b5,Dawg,1,da13e09f-cdb9-438f-a1a5-f40a92007b0a,Dawg,140,3,13,13,100,1,1.0,1.0,1.0
05a3dfd9-e82e-4d6c-ad13-9d8eba8df3b5,Dawg,2,0b6cddbf-27eb-4856-b7ec-4c190f1821db,Snake2,138,3,9,9,16,0,0.9857,1.0,0.9886
05a3dfd9-e82e-4d6c-ad13-9d8eba8df3b5,Dawg,3,4f1f92c9-de24-44e0-9807-a49749f2df1c,Snake4,134,3,8,8,22,0,0.9571,1.0,0.9657
05a3dfd9-e82e-4d6c-ad13-9d8eba8df3b5,Dawg,4,5e2cc7a2-00b7-4b44-b1e0-92ff0068fd4e,Snake3,82,3,8,8,36,0,0.5857,1.0,0.6686
05a3dfd9-e82e-4d6c-ad13-9d8eba8df3b5,Dawg,1,da13e09f-cdb9-438f-a1a5-f40a92007b0a,Dawg,140,3,13,13,100,1,1.0,1.0,1.0
05a3dfd9-e82e-4d6c-ad13-9d8eba8df3b5,Dawg,2,0b6cddbf-27eb-4856-b7ec-4c190f1821db,Snake2,82,3,8,8,96,0,0.5857,1.0,0.6686
05a3dfd9-e82e-4d6c-ad13-9d8eba8df3b5,Dawg,3,5e2cc7a2-00b7-4b44-b1e0-92ff0068fd4e,Snake3,82,3,8,8,36,0,0.5857,1.0,0.6686
05a3dfd9-e82e-4d6c-ad13-9d8eba8df3b5,Dawg,4,4f1f92c9-de24-44e0-9807-a49749f2df1c,Snake4,82,3,6,6,85,0,0.5857,0.6,0.5886
05a3dfd9-e82e-4d6c-ad13-9d8eba8df3b5,Dawg,1,da13e09f-cdb9-438f-a1a5-f40a92007b0a,Dawg,140,3,13,13,100,1,1.0,1.0,1.0
05a3dfd9-e82e-4d6c-ad13-9d8eba8df3b5,Dawg,2,0b6cddbf-27eb-4856-b7ec-4c190f1821db,Snake2,134,3,9,9,20,0,0.9571,1.0,0.9657
05a3dfd9-e82e-4d6c-ad13-9d8eba8df3b5,Dawg,3,4f1f92c9-de24-44e0-9807-a49749f2df1c,Snake4,134,3,8,8,22,0,0.9571,1.0,0.9657
05a3dfd9-e82e-4d6c-ad13-9d8eba8df3b5,Dawg,4,5e2cc7a2-00b7-4b44-b1e0-92ff0068fd4e,Snake3,82,3,8,8,36,0,0.5857,1.0,0.6686
fd5295d2-d560-4873-a5ca-ed0549cb1485,Snake4,1,0f6db145-386a-4171-9fd6-b238988bcb82,Snake4,139,3,12,12,96,1,1.0,1.0,1.0
fd5295d2-d560-4873-a5ca-ed0549cb1485,Snake4,2,be5b4997-1e7a-4f81-ab2d-4e8ad1aec725,Snake3,61,3,9,9,98,0,0.4388,1.0,0.5511
fd5295d2-d560-4873-a5ca-ed0549cb1485,Snake4,3,1b0e5e1c-fc16-4526-8a56-8cb496aa6e3b,Dawg,61,3,6,6,34,0,0.4388,0.6,0.4711
fd5295d2-d560-4873-a5ca-ed0549cb1485,Snake4,4,3ea87957-7dad-4856-84b8-05e89196823e,Snake2,11,3,4,4,98,0,0.0791,0.2,0.1033
fd5295d2-d560-4873-a5ca-ed0549cb1485,Snake4,1,0f6db145-386a-4171-9fd6-b238988bcb82,Snake4,139,3,12,12,96,1,1.0,1.0,1.0
fd5295d2-d560-4873-a5ca-ed0549cb1485,Snake4,2,3ea87957-7dad-4856-84b8-05e89196823e,Snake2,11,3,4,4,98,0,0.0791,0.2,0.1033
fd5295d2-d560-4873-a5ca-ed0549cb1485,Snake4,3,1b0e5e1c-fc16-4526-8a56-8cb496aa6e3b,Dawg,11,3,3,3,90,0,0.0791,0.0,0.0633
fd5295d2-d560-4873-a5ca-ed0549cb1485,Snake4,4,be5b4997-1e7a-4f81-ab2d-4e8ad1aec725,Snake3,11,3,3,3,90,0,0.0791,0.0,0.0633
fd5295d2-d560-4873-a5ca-ed0549cb1485,Snake4,1,0f6db145-386a-4171-9fd6-b238988bcb82,Snake4,139,3,12,12,96,1,1.0,1.0,1.0
fd5295d2-d560-4873-a5ca-ed0549cb1485,Snake4,2,be5b4997-1e7a-4f81-ab2d-4e8ad1aec725,Snake3,137,3,15,15,27,0,0.9856,1.0,0.9885
fd5295d2-d560-4873-a5ca-ed0549cb1485,Snake4,3,1b0e5e1c-fc16-4526-8a56-8cb496aa6e3b,Dawg,61,3,6,6,34,0,0.4388,0.6,0.4711
fd5295d2-d560-4873-a5ca-ed0549cb1485,Snake4,4,3ea87957-7dad-4856-84b8-05e89196823e,Snake2,11,3,4,4,98,0,0.0791,0.2,0.1033
fd5295d2-d560-4873-a5ca-ed0549cb1485,Snake4,1,0f6db145-386a-4171-9fd6-b238988bcb82,Snake4,139,3,12,12,96,1,1.0,1.0,1.0
fd5295d2-d560-4873-a5ca-ed0549cb1485,Snake4,2,be5b4997-1e7a-4f81-ab2d-4e8ad1aec725,Snake3,137,3,15,15,27,0,0.9856,1.0,0.9885
fd5295d2-d560-4873-a5ca-ed0549cb1485,Snake4,3,1b0e5e1c-fc16-4526-8a56-8cb496aa6e3b,Dawg,61,3,6,6,34,0,0.4388,0.6,0.4711
fd5295d2-d560-4873-a5ca-ed0549cb1485,Snake4,4,3ea87957-7dad-4856-84b8-05e89196823e,Snake2,11,3,4,4,98,0,0.0791,0.2,0.1033
648c728d-6a66-475d-8163-12ee5dd44eae,Dawg,1,7e65ae58-d545-4fff-9a9a-44037f7a52dd,Dawg,18,3,6,6,94,1,1.0,0.6,0.92
648c728d-6a66-475d-8163-12ee5dd44eae,Dawg,2,8a013d07-1ae8-4c39-be55-b85ee362e0e0,Snake2,16,3,8,8,100,0,0.8889,1.0,0.9111
648c728d-6a66-475d-8163-12ee5dd44eae,Dawg,1,7e65ae58-d545-4fff-9a9a-44037f7a52dd,Dawg,18,3,6,6,94,1,1.0,0.6,0.92
648c728d-6a66-475d-8163-12ee5dd44eae,Dawg,2,8a013d07-1ae8-4c39-be55-b85ee362e0e0,Snake2,16,3,8,8,100,0,0.8889,1.0,0.9111
6a87883d-a883-4b4b-8bd1-ebcf357e86bf,Dawg,1,c3dbd53a-d9b8-4c7c-ad9b-f84c695aac3b,Dawg,25,3,7,7,99,1,1.0,0.8,0.96
6a87883d-a883-4b4b-8bd1-ebcf357e86bf,Dawg,2,acd297d0-351c-46ef-87a7-3671acb51c26,Snake2,23,3,10,10,100,0,0.92,1.0,0.936
6a87883d-a883-4b4b-8bd1-ebcf357e86bf,Dawg,1,c3dbd53a-d9b8-4c7c-ad9b-f84c695aac3b,Dawg,25,3,7,7,99,1,1.0,0.8,0.96
6a87883d-a883-4b4b-8bd1-ebcf357e86bf,Dawg,2,acd297d0-351c-46ef-87a7-3671acb51c26,Snake2,23,3,10,10,100,0,0.92,1.0,0.936
272d9a13-7333-44a7-a9fb-e2aee2299230,Snake2,1,9fc5eee2-04d9-4da7-b4ff-3a26f7108b5c,Snake2,24,3,9,9,100,1,1.0,1.0,1.0
272d9a13-7333-44a7-a9fb-e2aee2299230,Snake2,2,c047f6df-3339-44cf-b2b7-47600188b202,Dawg,22,3,6,6,100,0,0.9167,0.6,0.8533
272d9a13-7333-44a7-a9fb-e2aee2299230,Snake2,1,9fc5eee2-04d9-4da7-b4ff-3a26f7108b5c,Snake2,24,3,9,9,100,1,1.0,1.0,1.0
272d9a13-7333-44a7-a9fb-e2aee2299230,Snake2,2,c047f6df-3339-44cf-b2b7-47600188b202,Dawg,22,3,6,6,100,0,0.9167,0.6,0.8533
e25d0133-e3ee-4bad-9782-ceb08af03778,,1,83f88299-373d-429c-be48-bcdc4f44073c,Dawg,56,3,22,22,89,0,0.9655,1.0,0.9724
d0bbbd58-4f77-459a-b5f3-6dbc637a3102,,1,25fbc142-18cc-4a1f-a64f-e2121757ad6e,Dawg,49,3,20,20,93,0,0.9608,1.0,0.9686
e2759583-c174-4a51-989e-c6552bd68489,,1,a97d42d1-a95e-49f5-a5a5-05d2b5080f5f,Dawg,55,3,21,21,95,0,0.9649,1.0,0.9719
c7d78b29-6dd0-4a12-9526-4555fe0e0621,,1,69f62549-f432-429d-8bc8-c9d6253efe77,Dawg,135,3,35,35,100,0,0.9854,1.0,0.9883
795ca488-e625-46b9-9421-3566452bb595,,1,4dd88696-9fbf-43eb-bc3e-c9f6a5364a8d,Dawg,111,3,27,27,94,0,0.9823,1.0,0.9858
4074fcd0-42ba-4de4-a879-a562a92274bd,,1,bb4750af-3044-4377-a9e9-50f1f988895b,Dawg,264,3,50,50,99,0,0.9925,1.0,0.994
6b19a165-cfdf-436b-8417-db961869f467,,1,14a3a0a4-9b04-4bda-9a05-8bc771a32c12,Dawg,131,3,23,23,96,0,0.985,1.0,0.988
ff594e0f-b968-4102-b0bf-5c20c3f56588,,1,45b3b81f-e400-4535-81c7-37e8383d192b,Dawg,227,3,38,38,76,0,0.9913,1.0,0.993
8d43c64b-f106-484f-bee9-d8602ca299ea,,1,ad85f5d4-f91f-4503-8ddc-7abcff2a75d4,Dawg,391,3,79,79,100,0,0.9949,1.0,0.9959
b54af146-0740-47d0-b52f-4a41b7d72bac,,1,1f85da38-2d9f-4f8f-bdc7-2dad6b4bbc3c,Dawg,10,3,3,3,91,0,0.8333,0.0,0.6667
928324f6-ccfc-4655-badd-97a144b9a649,,1,93f82461-1445-4f19-a86c-60c235c8ddb7,Dawg,302,3,49,49,36,0,0.9934,1.0,0.9947
156c6341-a309-484c-8cf1-c7af61df2ab2,,1,4037973c-d08d-484e-89ec-6151e6bb269d,Dawg,414,3,75,75,100,0,0.9952,1.0,0.9962
aebea46d-a389-4fb8-ba30-76e3e8820079,,1,9e9fc92c-57ab-463b-add8-da5270be9207,Dawg,320,3,52,52,32,0,0.9938,1.0,0.995
8ed72ca1-5053-41c0-a0a4-8bf8468857bd,,1,9166f178-9d48-4aec-817e-87daaaf79e9d,Dawg,221,3,29,29,93,0,0.991,1.0,0.9928
3d4e5dc0-3218-4aab-85b2-e38e6b7a005c,,1,289c4260-03f1-4219-a961-df293198231f,Dawg,268,3,36,36,28,0,0.9926,1.0,0.9941
73e740c5-395f-4ce7-9497-285356476fed,,1,17b5bacf-29f1-4100-87b7-7617e99c43b7,Dawg,51,3,9,9,100,0,0.9623,1.0,0.9698
2a3727a2-e429-4c23-a74d-14bd6e19cae7,,1,720965ac-c6f0-4a31-b84a-42f75385568d,Dawg,348,3,65,65,97,0,0.9943,1.0,0.9954
abdef3f8-2269-47dd-a2c4-3c53661fff39,Snake3,1,a43b9828-d62b-4ea5-8bc3-8252ae6ef41d,Snake3,116,3,11,11,97,1,1.0,1.0,1.0
abdef3f8-2269-47dd-a2c4-3c53661fff39,Snake3,2,d9239c1a-d52f-4d67-935d-2e30faa2d527,Snake4,114,3,10,10,42,0,0.9828,1.0,0.9862
abdef3f8-2269-47dd-a2c4-3c53661fff39,Snake3,3,68a9781c-28d7-404a-8736-4f260d8cf6bf,Snake2,71,3,11,11,26,0,0.6121,1.0,0.6897
abdef3f8-2269-47dd-a2c4-3c53661fff39,Snake3,4,b11d2783-711a-423d-87cc-3bd556ded10c,Dawg,15,3,5,5,98,0,0.1293,0.4,0.1834
abdef3f8-2269-47dd-a2c4-3c53661fff39,Snake3,1,a43b9828-d62b-4ea5-8bc3-8252ae6ef41d,Snake3,116,3,11,11,97,1,1.0,1.0,1.0
abdef3f8-2269-47dd-a2c4-3c53661fff39,Snake3,2,b11d2783-711a-423d-87cc-3bd556ded10c,Dawg,15,3,5,5,98,0,0.1293,0.4,0.1834
abdef3f8-2269-47dd-a2c4-3c53661fff39,Snake3,3,68a9781c-28d7-404a-8736-4f260d8cf6bf,Snake2,15,3,4,4,98,0,0.1293,0.2,0.1434
abdef3f8-2269-47dd-a2c4-3c53661fff39,Snake3,4,d9239c1a-d52f-4d67-935d-2e30faa2d527,Snake4,15,3,4,4,90,0,0.1293,0.2,0.1434
abdef3f8-2269-47dd-a2c4-3c53661fff39,Snake3,1,a43b9828-d62b-4ea5-8bc3-8252ae6ef41d,Snake3,116,3,11,11,97,1,1.0,1.0,1.0
abdef3f8-2269-47dd-a2c4-3c53661fff39,Snake3,2,68a9781c-28d7-404a-8736-4f260d8cf6bf,Snake2,71,3,11,11,26,0,0.6121,1.0,0.6897
abdef3f8-2269-47dd-a2c4-3c53661fff39,Snake3,3,d9239c1a-d52f-4d67-935d-2e30faa2d527,Snake4,71,3,7,7,100,0,0.6121,0.8,0.6497
abdef3f8-2269-47dd-a2c4-3c53661fff39,Snake3,4,b11d2783-711a-423d-87cc-3bd556ded10c,Dawg,15,3,5,5,98,0,0.1293,0.4,0.1834
abdef3f8-2269-47dd-a2c4-3c53661fff39,Snake3,1,a43b9828-d62b-4ea5-8bc3-8252ae6ef41d,Snake3,116,3,11,11,97,1,1.0,1.0,1.0
abdef3f8-2269-47dd-a2c4-3c53661fff39,Snake3,2,d9239c1a-d52f-4d67-935d-2e30faa2d527,Snake4,114,3,10,10,42,0,0.9828,1.0,0.9862
abdef3f8-2269-47dd-a2c4-3c53661fff39,Snake3,3,68a9781c-28d7-404a-8736-4f260d8cf6bf,Snake2,71,3,11,11,26,0,0.6121,1.0,0.6897
abdef3f8-2269-47dd-a2c4-3c53661fff39,Snake3,4,b11d2783-711a-423d-87cc-3bd556ded10c,Dawg,15,3,5,5,98,0,0.1293,0.4,0.1834
d39af744-518c-4cf7-aff9-295958d65af7,Dawg,1,d5863646-a89f-4418-9f85-a4163c684cb2,Dawg,128,3,12,12,91,1,1.0,1.0,1.0
d39af744-518c-4cf7-aff9-295958d65af7,Dawg,2,5a89283a-9fa9-46fd-93a4-6f6d4e0a6edb,Snake2,126,3,14,14,42,0,0.9844,1.0,0.9875
d39af744-518c-4cf7-aff9-295958d65af7,Dawg,1,d5863646-a89f-4418-9f85-a4163c684cb2,Dawg,128,3,12,12,91,1,1.0,1.0,1.0
d39af744-518c-4cf7-aff9-295958d65af7,Dawg,2,5a89283a-9fa9-46fd-93a4-6f6d4e0a6edb,Snake2,126,3,14,14,42,0,0.9844,1.0,0.9875
5a78305d-ff72-41f2-88f3-ea672df93926,,1,83de5530-0d8e-4c84-ac29-49c15224bdd5,Dawg,276,3,46,46,97,0,0.9928,1.0,0.9942
7bb83d24-b8aa-430d-9686-c477dc878bec,,1,7af1fb43-da76-47b0-8b90-edb698b1c7d7,Dawg,306,3,51,51,100,0,0.9935,1.0,0.9948
90af003d-a449-47d7-a967-a4a6417e487f,,1,addefb20-4342-449e-8310-a04302c6329f,Dawg,130,3,17,17,32,0,0.9848,1.0,0.9879
01d5898b-fce5-435b-9839-44653a479a2f,,1,c6364979-24d9-48bf-a5bf-804e5a1afbcc,Dawg,162,3,24,24,41,0,0.9878,1.0,0.9902
e3444a32-c0ba-4088-8858-6cb4757677a5,,1,1534847a-8fff-487e-adfc-ed85a4c503b5,Dawg,10,3,3,3,91,0,0.8333,0.0,0.6667
80104a10-ca13-4474-a6b8-16458086c1a3,,1,73cd94cf-bbdd-4f55-ad56-1971062c6b5c,Dawg,395,3,71,71,100,0,0.995,1.0,0.996
cff4a5d9-c3bb-46bc-bd00-6dfaa3169fd2,zcomboCode,1,c202edb0-5c3a-4551-94c9-13d3aa49c740,zcomboCode,51,3,8,8,99,1,1.0,1.0,1.0
cff4a5d9-c3bb-46bc-bd00-6dfaa3169fd2,zcomboCode,2,41e64d68-3d43-430d-8646-68785966c001,noUCB,30,3,5,5,85,0,0.5882,0.4,0.5506
cff4a5d9-c3bb-46bc-bd00-6dfaa3169fd2,zcomboCode,3,36e5b04a-bac0-45fa-802d-6013173e61ea,MCTS,30,3,5,5,70,0,0.5882,0.4,0.5506
cff4a5d9-c3bb-46bc-bd00-6dfaa3169fd2,zcomboCode,1,c202edb0-5c3a-4551-94c9-13d3aa49c740,zcomboCode,51,3,8,8,99,1,1.0,1.0,1.0
cff4a5d9-c3bb-46bc-bd00-6dfaa3169fd2,zcomboCode,2,41e64d68-3d43-430d-8646-68785966c001,noUCB,49,3,5,5,24,0,0.9608,0.4,0.8486
cff4a5d9-c3bb-46bc-bd00-6dfaa3169fd2,zcomboCode,3,36e5b04a-bac0-45fa-802d-6013173e61ea,MCTS,30,3,5,5,70,0,0.5882,0.4,0.5506
cff4a5d9-c3bb-46bc-bd00-6dfaa3169fd2,zcomboCode,1,c202edb0-5c3a-4551-94c9-13d3aa49c740,zcomboCode,51,3,8,8,99,1,1.0,1.0,1.0
cff4a5d9-c3bb-46bc-bd00-6dfaa3169fd2,zcomboCode,2,41e64d68-3d43-430d-8646-68785966c001,noUCB,49,3,5,5,24,0,0.9608,0.4,0.8486
cff4a5d9-c3bb-46bc-bd00-6dfaa3169fd2,zcomboCode,3,36e5b04a-bac0-45fa-802d-6013173e61ea,MCTS,30,3,5,5,70,0,0.5882,0.4,0.5506
9025169b-ca1a-4686-aa81-b6bacc5a1182,MCTS,1,5163709c-1da6-4f0d-8490-948ea939cb0b,MCTS,162,3,9,9,37,1,1.0,1.0,1.0
9025169b-ca1a-4686-aa81-b6bacc5a1182,MCTS,2,4de2791f-a4ea-4268-8877-5e8a5a6dd1ad,zcomboCode,160,3,16,16,22,0,0.9877,1.0,0.9901
9025169b-ca1a-4686-aa81-b6bacc5a1182,MCTS,3,e430a3e4-525a-4d34-8436-306299e3203b,Snake4,52,3,6,6,91,0,0.321,0.6,0.3768
9025169b-ca1a-4686-aa81-b6bacc5a1182,MCTS,4,e458e4e9-3763-4280-b6d2-c4e3ac8050e3,noUCB,52,3,6,6,83,0,0.321,0.6,0.3768
9025169b-ca1a-4686-aa81-b6bacc5a1182,MCTS,1,5163709c-1da6-4f0d-8490-948ea939cb0b,MCTS,162,3,9,9,37,1,1.0,1.0,1.0
9025169b-ca1a-4686-aa81-b6bacc5a1182,MCTS,2,e430a3e4-525a-4d34-8436-306299e3203b,Snake4,52,3,6,6,91,0,0.321,0.6,0.3768
9025169b-ca1a-4686-aa81-b6bacc5a1182,MCTS,3,e458e4e9-3763-4280-b6d2-c4e3ac8050e3,noUCB,52,3,6,6,83,0,0.321,0.6,0.3768
9025169b-ca1a-4686-aa81-b6bacc5a1182,MCTS,4,4de2791f-a4ea-4268-8877-5e8a5a6dd1ad,zcomboCode,52,3,6,6,65,0,0.321,0.6,0.3768
9025169b-ca1a-4686-aa81-b6bacc5a1182,MCTS,1,5163709c-1da6-4f0d-8490-948ea939cb0b,MCTS,162,3,9,9,37,1,1.0,1.0,1.0
9025169b-ca1a-4686-aa81-b6bacc5a1182,MCTS,2,4de2791f-a4ea-4268-8877-5e8a5a6dd1ad,zcomboCode,160,3,16,16,22,0,0.9877,1.0,0.9901
9025169b-ca1a-4686-aa81-b6bacc5a1182,MCTS,3,e430a3e4-525a-4d34-8436-306299e3203b,Snake4,52,3,6,6,91,0,0.321,0.6,0.3768
9025169b-ca1a-4686-aa81-b6bacc5a1182,MCTS,4,e458e4e9-3763-4280-b6d2-c4e3ac8050e3,noUCB,52,3,6,6,83,0,0.321,0.6,0.3768
9025169b-ca1a-4686-aa81-b6bacc5a1182,MCTS,1,5163709c-1da6-4f0d-8490-948ea939cb0b,MCTS,162,3,9,9,37,1,1.0,1.0,1.0
9025169b-ca1a-4686-aa81-b6bacc5a1182,MCTS,2,e430a3e4-525a-4d34-8436-306299e3203b,Snake4,52,3,6,6,91,0,0.321,0.6,0.3768
9025169b-ca1a-4686-aa81-b6bacc5a1182,MCTS,3,e458e4e9-3763-4280-b6d2-c4e3ac8050e3,noUCB,52,3,6,6,83,0,0.321,0.6,0.3768
9025169b-ca1a-4686-aa81-b6bacc5a1182,MCTS,4,4de2791f-a4ea-4268-8877-5e8a5a6dd1ad,zcomboCode,52,3,6,6,65,0,0.321,0.6,0.3768
7c6fe457-c4ad-449a-b241-6f59fe4b43d9,,1,b434a3ef-5a34-4320-8824-32b8c937ca5f,MCTS,438,3,81,81,100,0,0.9955,1.0,0.9964
ee84273e-af47-4852-9170-17cf31b7133a,,1,d40c9d1a-19a9-4bdc-bd42-6dbfce75b6ab,MCTS,385,3,73,73,100,0,0.9948,1.0,0.9959
a2dafa1e-41d1-4133-b5c0-8c2b7d6e9779,,1,e4bcde46-8df8-499d-a24d-bf66d9c54f4e,MCTS,438,3,87,87,100,0,0.9955,1.0,0.9964
58993c8f-1a47-4cd3-b3a6-17002f76dc15,,1,df718d6a-5a14-4720-8d69-717cf38c9b34,MCTS,312,3,49,49,42,0,0.9936,1.0,0.9949
399096f6-a3a1-4172-acdb-38134a21af4f,,1,5d73ceb8-180b-42d7-8af9-c17177230058,MCTS,419,3,77,77,100,0,0.9952,1.0,0.9962
c2b872f4-0e5a-4675-a8e7-f95789844b02,,1,b5fea190-0eb6-403e-9415-1e16db1d03b0,MCTS,140,3,20,20,42,0,0.9859,1.0,0.9887
ae07ce97-36f9-4b69-a4f7-aab05b06d530,,1,59d0d4a3-fe41-4bb1-9834-a360ed17cdc0,MCTS,5,3,4,4,98,0,0.7143,0.2,0.6114
a2507007-96d7-4eda-90ae-0ce646d52610,,1,16738b49-6f1b-4649-b10d-7d031d1ca255,MCTS,386,3,72,72,99,0,0.9948,1.0,0.9959
8372c8b9-9f5f-4c1b-b0b6-6549ab298d10,,1,c6f7cab6-bd44-4d06-85b6-82c4dede7a7b,MCTS,447,3,92,92,45,0,0.9955,1.0,0.9964
be40e538-6bf9-4cae-8242-987c41035d20,,1,4211d29f-3a9b-4ce3-93f4-4314704a1ed9,MCTS,419,3,90,90,100,0,0.9952,1.0,0.9962
5daf1ed6-7ceb-4b38-a1ad-7e3ac961650b,,1,95647b6c-9287-4485-a303-f1f53c6f18ec,MCTS,54,3,4,4,1,0,0.9643,0.2,0.8114
fe9abe36-9379-460c-a9f0-e0b09bf559c5,,1,9377cb50-9f26-4cef-b331-678b79bb47a5,MCTS,363,3,70,70,100,0,0.9945,1.0,0.9956
f03e7cf8-439b-444c-beb5-475f8db89245,,1,68a81694-8eea-4b4d-b2f7-8170556bc237,MCTS,153,3,10,10,1,0,0.9871,1.0,0.9897
cf3401fc-ff93-4719-926c-6ede709c7151,,1,038f9f05-330a-4212-8150-af6e51d1d87e,MCTS,459,3,91,91,100,0,0.9957,1.0,0.9965
c05ee7b9-734c-4aa6-b406-5d1005a7174a,,1,4fc803fb-1af1-455c-b5a5-6b976059881b,MCTS,338,3,56,56,100,0,0.9941,1.0,0.9953
cace33a2-d2c0-44ae-89b0-3e0f0d4946e3,Snake3,1,ada1ec63-5dbd-443f-8cc0-1f6ff49dc95f,Snake3,108,3,13,13,36,1,1.0,1.0,1.0
cace33a2-d2c0-44ae-89b0-3e0f0d4946e3,Snake3,2,0eb6b021-4d55-43bd-bac3-d98cbfac0c2e,Snake1,106,3,9,9,1,0,0.9815,1.0,0.9852
cace33a2-d2c0-44ae-89b0-3e0f0d4946e3,Snake3,3,8a2c7c27-77bd-4396-bc6b-8cec5363a840,Snake4,104,3,10,10,7,0,0.963,1.0,0.9704
cace33a2-d2c0-44ae-89b0-3e0f0d4946e3,Snake3,4,3ba86ea8-b262-4460-b902-4a41087a19a7,Snake2,41,3,5,5,55,0,0.3796,0.4,0.3837
cace33a2-d2c0-44ae-89b0-3e0f0d4946e3,Snake3,1,ada1ec63-5dbd-443f-8cc0-1f6ff49dc95f,Snake3,108,3,13,13,36,1,1.0,1.0,1.0
cace33a2-d2c0-44ae-89b0-3e0f0d4946e3,Snake3,2,0eb6b021-4d55-43bd-bac3-d98cbfac0c2e,Snake1,41,3,5,5,100,0,0.3796,0.4,0.3837
cace33a2-d2c0-44ae-89b0-3e0f0d4946e3,Snake3,3,8a2c7c27-77bd-4396-bc6b-8cec5363a840,Snake4,41,3,5,5,83,0,0.3796,0.4,0.3837
cace33a2-d2c0-44ae-89b0-3e0f0d4946e3,Snake3,4,3ba86ea8-b262-4460-b902-4a41087a19a7,Snake2,41,3,5,5,55,0,0.3796,0.4,0.3837
cace33a2-d2c0-44ae-89b0-3e0f0d4946e3,Snake3,1,ada1ec63-5dbd-443f-8cc0-1f6ff49dc95f,Snake3,108,3,13,13,36,1,1.0,1.0,1.0
cace33a2-d2c0-44ae-89b0-3e0f0d4946e3,Snake3,2,0eb6b021-4d55-43bd-bac3-d98cbfac0c2e,Snake1,106,3,9,9,1,0,0.9815,1.0,0.9852
cace33a2-d2c0-44ae-89b0-3e0f0d4946e3,Snake3,3,8a2c7c27-77bd-4396-bc6b-8cec5363a840,Snake4,104,3,10,10,7,0,0.963,1.0,0.9704
cace33a2-d2c0-44ae-89b0-3e0f0d4946e3,Snake3,4,3ba86ea8-b262-4460-b902-4a41087a19a7,Snake2,41,3,5,5,55,0,0.3796,0.4,0.3837
cace33a2-d2c0-44ae-89b0-3e0f0d4946e3,Snake3,1,ada1ec63-5dbd-443f-8cc0-1f6ff49dc95f,Snake3,108,3,13,13,36,1,1.0,1.0,1.0
cace33a2-d2c0-44ae-89b0-3e0f0d4946e3,Snake3,2,8a2c7c27-77bd-4396-bc6b-8cec5363a840,Snake4,104,3,10,10,7,0,0.963,1.0,0.9704
cace33a2-d2c0-44ae-89b0-3e0f0d4946e3,Snake3,3,0eb6b021-4d55-43bd-bac3-d98cbfac0c2e,Snake1,104,3,9,9,3,0,0.963,1.0,0.9704
cace33a2-d2c0-44ae-89b0-3e0f0d4946e3,Snake3,4,3ba86ea8-b262-4460-b902-4a41087a19a7,Snake2,41,3,5,5,55,0,0.3796,0.4,0.3837
1c2d8f1a-e370-41ab-812b-e51e5a64b099,,1,01f638e8-ce0e-4691-9d0c-df1b8425c285,Snake1,333,3,57,57,100,0,0.994,1.0,0.9952
a06763cd-0868-4269-be69-99099a960efc,,1,63fbf369-16e0-43f4-8cda-3af810f82cbe,Snake1,10,3,3,3,91,0,0.8333,0.0,0.6667
2033b50e-d725-4603-ac41-90d0202c25e7,,1,c73202ec-0118-4fde-bf65-34ca7fac54b3,Snake1,304,3,49,49,35,0,0.9935,1.0,0.9948
70a43115-94f4-49d7-a8c0-036a43a5167a,,1,efe6a035-ca8e-49a1-9029-bcb98860a898,Snake1,373,3,65,65,99,0,0.9947,1.0,0.9957
916c002a-d6fd-4f19-9936-6083f8460257,,1,3e76c862-5269-4ba4-86c4-ddd0eaf9014f,Snake1,380,3,57,57,99,0,0.9948,1.0,0.9958
245865b5-b7a4-4b18-91e0-5d548c89a494,,1,b69205c7-ea7c-4856-8643-cd2215f7129a,Snake1,281,3,39,39,1,0,0.9929,1.0,0.9943
85303a72-8033-4661-b14a-6407047655a5,,1,3675bb06-6041-45c3-8a54-2eb56d6fc077,Snake1,269,3,50,50,2,0,0.9926,1.0,0.9941
40f866bc-3de5-442b-b1ab-9d855c4fc9a6,,1,dd2d0cf4-013d-440c-b91c-bfd3bbbd3a75,Snake1,106,3,10,10,1,0,0.9815,1.0,0.9852
5f3045f5-fb16-475a-904c-0205f677906d,,1,678b181f-cf60-444d-b6e6-f617937de00f,Snake1,291,3,51,51,100,0,0.9932,1.0,0.9945
8ad31b01-1e77-4163-b7ea-e104d809e948,,1,6a57abba-e434-40d6-87af-86e6c778436c,Snake1,347,3,60,60,100,0,0.9943,1.0,0.9954
dd8fdaf1-898e-41d0-93e3-7e3d96357722,,1,ecd9532a-d408-4781-a529-a4a9a30a7f75,Snake1,410,3,74,74,100,0,0.9951,1.0,0.9961
